post_id,user_id,text,url,timestamp,label,campaign_id
P00000,U00002,URGENT: Your bank account needs verification: https://secure-bankverify.com/posts/tag,https://secure-bankverify.com/posts/tag,2026-08-04 03:03:32,1,C00000
P00001,U00002,URGENT: Your PayPal account needs verification: https://secure-bankverify.com/search/tags/category,https://secure-bankverify.com/search/tags/category,2026-08-04 03:21:32,1,C00000
P00002,U00002,Security alert! Chase account suspicious activity: https://secure-bankverify.com/list/category,https://secure-bankverify.com/list/category,2026-08-04 04:23:32,1,C00000
P00003,U00023,Immediate action required for your Citi account: https://secure-bankverify.com/app/tag,https://secure-bankverify.com/app/tag,2026-08-04 03:29:32,1,C00000
P00004,U00023,URGENT: Your bank account needs verification: https://secure-bankverify.com/wp-content/search,https://secure-bankverify.com/wp-content/search,2026-08-04 03:04:32,1,C00000
P00005,U00045,Immediate action required for your Wells Fargo account: https://secure-bankverify.com/wp-content,https://secure-bankverify.com/wp-content,2026-08-04 04:39:32,1,C00000
P00006,U00045,URGENT: Your bank account needs verification: https://secure-bankverify.com/blog/main/category,https://secure-bankverify.com/blog/main/category,2026-08-04 04:51:32,1,C00000
P00007,U00045,Security alert! bank account suspicious activity: https://secure-bankverify.com/category/posts/wp-content,https://secure-bankverify.com/category/posts/wp-content,2026-08-04 03:01:32,1,C00000
P00008,U00049,URGENT: Your PayPal account needs verification: https://secure-bankverify.com/categories,https://secure-bankverify.com/categories,2026-08-04 04:54:32,1,C00000
P00009,U00049,Immediate action required for your Wells Fargo account: https://secure-bankverify.com/tag/categories/list,https://secure-bankverify.com/tag/categories/list,2026-08-04 04:41:32,1,C00000
P00010,U00049,Immediate action required for your Wells Fargo account: https://secure-bankverify.com/categories/wp-content,https://secure-bankverify.com/categories/wp-content,2026-08-04 03:59:32,1,C00000
P00011,U00049,URGENT: Your Wells Fargo account needs verification: https://secure-bankverify.com/app/list,https://secure-bankverify.com/app/list,2026-08-04 04:23:32,1,C00000
P00012,U00049,Security alert! PayPal account suspicious activity: https://secure-bankverify.com/app/categories/categories,https://secure-bankverify.com/app/categories/categories,2026-08-04 03:41:32,1,C00000
P00013,U00093,URGENT: Your Chase account needs verification: https://secure-bankverify.com/blog/tags/main,https://secure-bankverify.com/blog/tags/main,2026-08-04 03:31:32,1,C00000
P00014,U00093,Security alert! PayPal account suspicious activity: https://secure-bankverify.com/wp-content/explore,https://secure-bankverify.com/wp-content/explore,2026-08-04 03:00:32,1,C00000
P00015,U00093,Immediate action required for your Citi account: https://secure-bankverify.com/search,https://secure-bankverify.com/search,2026-08-04 04:14:32,1,C00000
P00016,U00115,Immediate action required for your Chase account: https://secure-bankverify.com/app,https://secure-bankverify.com/app,2026-08-04 03:59:32,1,C00000
P00017,U00115,Security alert! Citi account suspicious activity: https://secure-bankverify.com/app/blog,https://secure-bankverify.com/app/blog,2026-08-04 03:57:32,1,C00000
P00018,U00115,URGENT: Your bank account needs verification: https://secure-bankverify.com/list,https://secure-bankverify.com/list,2026-08-04 03:31:32,1,C00000
P00019,U00119,URGENT: Your Wells Fargo account needs verification: https://secure-bankverify.com/posts,https://secure-bankverify.com/posts,2026-08-04 03:21:32,1,C00000
P00020,U00119,Immediate action required for your Citi account: https://secure-bankverify.com/search/blog,https://secure-bankverify.com/search/blog,2026-08-04 03:27:32,1,C00000
P00021,U00119,Immediate action required for your Citi account: https://secure-bankverify.com/main,https://secure-bankverify.com/main,2026-08-04 04:37:32,1,C00000
P00022,U00119,URGENT: Your Wells Fargo account needs verification: https://secure-bankverify.com/categories/categories,https://secure-bankverify.com/categories/categories,2026-08-04 04:36:32,1,C00000
P00023,U00119,Immediate action required for your Chase account: https://secure-bankverify.com/categories/explore,https://secure-bankverify.com/categories/explore,2026-08-04 03:57:32,1,C00000
P00024,U00126,Security alert! Citi account suspicious activity: https://secure-bankverify.com/explore,https://secure-bankverify.com/explore,2026-08-04 04:00:32,1,C00000
P00025,U00126,Security alert! Wells Fargo account suspicious activity: https://secure-bankverify.com/tags/posts/main,https://secure-bankverify.com/tags/posts/main,2026-08-04 03:30:32,1,C00000
P00026,U00126,URGENT: Your bank account needs verification: https://secure-bankverify.com/wp-content,https://secure-bankverify.com/wp-content,2026-08-04 03:36:32,1,C00000
P00027,U00126,Immediate action required for your PayPal account: https://secure-bankverify.com/tags/posts/explore,https://secure-bankverify.com/tags/posts/explore,2026-08-04 02:59:32,1,C00000
P00028,U00126,Security alert! bank account suspicious activity: https://secure-bankverify.com/posts,https://secure-bankverify.com/posts,2026-08-04 04:39:32,1,C00000
P00029,U00136,Immediate action required for your Chase account: https://secure-bankverify.com/category,https://secure-bankverify.com/category,2026-08-04 04:34:32,1,C00000
P00030,U00136,Immediate action required for your PayPal account: https://secure-bankverify.com/list/list/search,https://secure-bankverify.com/list/list/search,2026-08-04 03:16:32,1,C00000
P00031,U00136,URGENT: Your PayPal account needs verification: https://secure-bankverify.com/tag/tags/app,https://secure-bankverify.com/tag/tags/app,2026-08-04 04:20:32,1,C00000
P00032,U00136,URGENT: Your Chase account needs verification: https://secure-bankverify.com/category/tags,https://secure-bankverify.com/category/tags,2026-08-04 04:04:32,1,C00000
P00033,U00136,Immediate action required for your bank account: https://secure-bankverify.com/blog/app/list,https://secure-bankverify.com/blog/app/list,2026-08-04 04:33:32,1,C00000
P00034,U00185,Immediate action required for your Wells Fargo account: https://secure-bankverify.com/blog/app,https://secure-bankverify.com/blog/app,2026-08-04 03:41:32,1,C00000
P00035,U00185,URGENT: Your PayPal account needs verification: https://secure-bankverify.com/explore/list,https://secure-bankverify.com/explore/list,2026-08-04 03:26:32,1,C00000
P00036,U00185,Immediate action required for your Chase account: https://secure-bankverify.com/tag,https://secure-bankverify.com/tag,2026-08-04 04:39:32,1,C00000
P00037,U00187,Immediate action required for your bank account: https://secure-bankverify.com/search/list,https://secure-bankverify.com/search/list,2026-08-04 04:26:32,1,C00000
P00038,U00187,Immediate action required for your Chase account: https://secure-bankverify.com/blog/explore/wp-content,https://secure-bankverify.com/blog/explore/wp-content,2026-08-04 04:08:32,1,C00000
P00039,U00187,Immediate action required for your PayPal account: https://secure-bankverify.com/explore/tag,https://secure-bankverify.com/explore/tag,2026-08-04 04:08:32,1,C00000
P00040,U00187,URGENT: Your Wells Fargo account needs verification: https://secure-bankverify.com/search/tag,https://secure-bankverify.com/search/tag,2026-08-04 04:05:32,1,C00000
P00041,U00201,URGENT: Your Wells Fargo account needs verification: https://secure-bankverify.com/main/tag/list,https://secure-bankverify.com/main/tag/list,2026-08-04 03:00:32,1,C00000
P00042,U00201,URGENT: Your bank account needs verification: https://secure-bankverify.com/blog/posts,https://secure-bankverify.com/blog/posts,2026-08-04 03:25:32,1,C00000
P00043,U00201,Immediate action required for your PayPal account: https://secure-bankverify.com/posts/categories,https://secure-bankverify.com/posts/categories,2026-08-04 02:58:32,1,C00000
P00044,U00201,Immediate action required for your Wells Fargo account: https://secure-bankverify.com/main,https://secure-bankverify.com/main,2026-08-04 02:56:32,1,C00000
P00045,U00215,Immediate action required for your PayPal account: https://secure-bankverify.com/blog/category,https://secure-bankverify.com/blog/category,2026-08-04 04:39:32,1,C00000
P00046,U00215,URGENT: Your Chase account needs verification: https://secure-bankverify.com/list/app/wp-content,https://secure-bankverify.com/list/app/wp-content,2026-08-04 04:27:32,1,C00000
P00047,U00215,URGENT: Your Chase account needs verification: https://secure-bankverify.com/app,https://secure-bankverify.com/app,2026-08-04 03:03:32,1,C00000
P00048,U00215,URGENT: Your PayPal account needs verification: https://secure-bankverify.com/app,https://secure-bankverify.com/app,2026-08-04 04:11:32,1,C00000
P00049,U00267,URGENT: Your Citi account needs verification: https://secure-bankverify.com/app/category,https://secure-bankverify.com/app/category,2026-08-04 04:46:32,1,C00000
P00050,U00267,Security alert! bank account suspicious activity: https://secure-bankverify.com/category,https://secure-bankverify.com/category,2026-08-04 03:43:32,1,C00000
P00051,U00267,Immediate action required for your Wells Fargo account: https://secure-bankverify.com/posts/categories,https://secure-bankverify.com/posts/categories,2026-08-04 04:11:32,1,C00000
P00052,U00349,Security alert! Chase account suspicious activity: https://secure-bankverify.com/explore/blog/wp-content,https://secure-bankverify.com/explore/blog/wp-content,2026-08-04 03:37:32,1,C00000
P00053,U00349,URGENT: Your PayPal account needs verification: https://secure-bankverify.com/tags/wp-content,https://secure-bankverify.com/tags/wp-content,2026-08-04 04:29:32,1,C00000
P00054,U00372,Immediate action required for your Wells Fargo account: https://secure-bankverify.com/tags/category,https://secure-bankverify.com/tags/category,2026-08-04 04:19:32,1,C00000
P00055,U00372,Security alert! PayPal account suspicious activity: https://secure-bankverify.com/category,https://secure-bankverify.com/category,2026-08-04 04:26:32,1,C00000
P00056,U00372,Immediate action required for your Citi account: https://secure-bankverify.com/posts/main/app,https://secure-bankverify.com/posts/main/app,2026-08-04 04:36:32,1,C00000
P00057,U00372,Security alert! PayPal account suspicious activity: https://secure-bankverify.com/wp-content,https://secure-bankverify.com/wp-content,2026-08-04 04:21:32,1,C00000
P00058,U00372,Immediate action required for your PayPal account: https://secure-bankverify.com/posts/wp-content/wp-content,https://secure-bankverify.com/posts/wp-content/wp-content,2026-08-04 03:44:32,1,C00000
P00059,U00373,Immediate action required for your Chase account: https://secure-bankverify.com/list,https://secure-bankverify.com/list,2026-08-04 03:12:32,1,C00000
P00060,U00373,URGENT: Your bank account needs verification: https://secure-bankverify.com/category,https://secure-bankverify.com/category,2026-08-04 04:25:32,1,C00000
P00061,U00373,Immediate action required for your Wells Fargo account: https://secure-bankverify.com/category/app/posts,https://secure-bankverify.com/category/app/posts,2026-08-04 04:44:32,1,C00000
P00062,U00373,Immediate action required for your bank account: https://secure-bankverify.com/app/list/tags,https://secure-bankverify.com/app/list/tags,2026-08-04 03:19:32,1,C00000
P00063,U00380,Immediate action required for your PayPal account: https://secure-bankverify.com/posts/wp-content/tags,https://secure-bankverify.com/posts/wp-content/tags,2026-08-04 04:17:32,1,C00000
P00064,U00380,Immediate action required for your bank account: https://secure-bankverify.com/blog/blog,https://secure-bankverify.com/blog/blog,2026-08-04 04:55:32,1,C00000
P00065,U00380,Security alert! PayPal account suspicious activity: https://secure-bankverify.com/tag/category,https://secure-bankverify.com/tag/category,2026-08-04 03:38:32,1,C00000
P00066,U00380,Immediate action required for your bank account: https://secure-bankverify.com/tag/wp-content,https://secure-bankverify.com/tag/wp-content,2026-08-04 03:26:32,1,C00000
P00067,U00396,Security alert! PayPal account suspicious activity: https://secure-bankverify.com/blog/posts,https://secure-bankverify.com/blog/posts,2026-08-04 04:17:32,1,C00000
P00068,U00396,URGENT: Your Chase account needs verification: https://secure-bankverify.com/tags/app,https://secure-bankverify.com/tags/app,2026-08-04 03:53:32,1,C00000
P00069,U00396,URGENT: Your Chase account needs verification: https://secure-bankverify.com/explore/list/categories,https://secure-bankverify.com/explore/list/categories,2026-08-04 03:22:32,1,C00000
P00070,U00396,URGENT: Your bank account needs verification: https://secure-bankverify.com/tags/search/main,https://secure-bankverify.com/tags/search/main,2026-08-04 03:40:32,1,C00000
P00071,U00413,URGENT: Your bank account needs verification: https://secure-bankverify.com/tag,https://secure-bankverify.com/tag,2026-08-04 03:02:32,1,C00000
P00072,U00413,Security alert! Wells Fargo account suspicious activity: https://secure-bankverify.com/tags/list,https://secure-bankverify.com/tags/list,2026-08-04 04:29:32,1,C00000
P00073,U00413,Security alert! PayPal account suspicious activity: https://secure-bankverify.com/tags/explore,https://secure-bankverify.com/tags/explore,2026-08-04 04:49:32,1,C00000
P00074,U00413,Security alert! Wells Fargo account suspicious activity: https://secure-bankverify.com/search/main/posts,https://secure-bankverify.com/search/main/posts,2026-08-04 04:48:32,1,C00000
P00075,U00463,Security alert! Citi account suspicious activity: https://secure-bankverify.com/posts,https://secure-bankverify.com/posts,2026-08-04 03:44:32,1,C00000
P00076,U00463,URGENT: Your Wells Fargo account needs verification: https://secure-bankverify.com/tags/blog,https://secure-bankverify.com/tags/blog,2026-08-04 04:36:32,1,C00000
P00077,U00463,Immediate action required for your PayPal account: https://secure-bankverify.com/app/tag/search,https://secure-bankverify.com/app/tag/search,2026-08-04 03:16:32,1,C00000
P00078,U00463,Security alert! bank account suspicious activity: https://secure-bankverify.com/category/blog,https://secure-bankverify.com/category/blog,2026-08-04 04:38:32,1,C00000
P00079,U00463,URGENT: Your Chase account needs verification: https://secure-bankverify.com/blog/categories/wp-content,https://secure-bankverify.com/blog/categories/wp-content,2026-08-04 02:58:32,1,C00000
P00080,U00494,Security alert! bank account suspicious activity: https://secure-bankverify.com/blog/blog/tags,https://secure-bankverify.com/blog/blog/tags,2026-08-04 03:05:32,1,C00000
P00081,U00494,Security alert! PayPal account suspicious activity: https://secure-bankverify.com/list/blog,https://secure-bankverify.com/list/blog,2026-08-04 04:49:32,1,C00000
P00082,U00494,Security alert! PayPal account suspicious activity: https://secure-bankverify.com/search/wp-content/tags,https://secure-bankverify.com/search/wp-content/tags,2026-08-04 04:29:32,1,C00000
P00083,U00494,URGENT: Your Citi account needs verification: https://secure-bankverify.com/wp-content/main/main,https://secure-bankverify.com/wp-content/main/main,2026-08-04 04:56:32,1,C00000
P00084,U00029,Elon just announced ETH airdrop! Claim now: https://crypto-giveaway-official.xyz/blog/categories,https://crypto-giveaway-official.xyz/blog/categories,2026-08-02 15:50:32,1,C00001
P00085,U00029,Double your https://crypto-giveaway-official.xyz/list investment! Verified by Bitcoin: Bitcoin,https://crypto-giveaway-official.xyz/list,2026-08-02 14:51:32,1,C00001
P00086,U00029,Elon just announced Ethereum airdrop! Claim now: https://crypto-giveaway-official.xyz/tags/wp-content,https://crypto-giveaway-official.xyz/tags/wp-content,2026-08-02 15:13:32,1,C00001
P00087,U00029,Double your https://crypto-giveaway-official.xyz/explore investment! Verified by Ethereum: Ethereum,https://crypto-giveaway-official.xyz/explore,2026-08-02 14:02:32,1,C00001
P00088,U00043,Double your https://crypto-giveaway-official.xyz/tag/list investment! Verified by Ethereum: Ethereum,https://crypto-giveaway-official.xyz/tag/list,2026-08-02 14:20:32,1,C00001
P00089,U00043,Double your https://crypto-giveaway-official.xyz/search/search investment! Verified by ETH: ETH,https://crypto-giveaway-official.xyz/search/search,2026-08-02 15:28:32,1,C00001
P00090,U00106,Elon just announced Crypto airdrop! Claim now: https://crypto-giveaway-official.xyz/tags,https://crypto-giveaway-official.xyz/tags,2026-08-02 14:34:32,1,C00001
P00091,U00106,FREE Bitcoin giveaway! Limited time only: https://crypto-giveaway-official.xyz/list,https://crypto-giveaway-official.xyz/list,2026-08-02 14:02:32,1,C00001
P00092,U00106,Double your https://crypto-giveaway-official.xyz/categories/tags/tag investment! Verified by ETH: ETH,https://crypto-giveaway-official.xyz/categories/tags/tag,2026-08-02 15:06:32,1,C00001
P00093,U00106,Double your https://crypto-giveaway-official.xyz/blog investment! Verified by Ethereum: Ethereum,https://crypto-giveaway-official.xyz/blog,2026-08-02 14:02:32,1,C00001
P00094,U00107,FREE BTC giveaway! Limited time only: https://crypto-giveaway-official.xyz/list,https://crypto-giveaway-official.xyz/list,2026-08-02 14:07:32,1,C00001
P00095,U00107,Double your https://crypto-giveaway-official.xyz/categories/category investment! Verified by ETH: ETH,https://crypto-giveaway-official.xyz/categories/category,2026-08-02 14:57:32,1,C00001
P00096,U00107,FREE Bitcoin giveaway! Limited time only: https://crypto-giveaway-official.xyz/wp-content,https://crypto-giveaway-official.xyz/wp-content,2026-08-02 13:59:32,1,C00001
P00097,U00107,FREE Ethereum giveaway! Limited time only: https://crypto-giveaway-official.xyz/tag,https://crypto-giveaway-official.xyz/tag,2026-08-02 15:17:32,1,C00001
P00098,U00113,FREE BTC giveaway! Limited time only: https://crypto-giveaway-official.xyz/explore/list,https://crypto-giveaway-official.xyz/explore/list,2026-08-02 15:44:32,1,C00001
P00099,U00113,FREE Crypto giveaway! Limited time only: https://crypto-giveaway-official.xyz/main/list,https://crypto-giveaway-official.xyz/main/list,2026-08-02 15:36:32,1,C00001
P00100,U00113,Double your https://crypto-giveaway-official.xyz/main investment! Verified by BTC: BTC,https://crypto-giveaway-official.xyz/main,2026-08-02 14:58:32,1,C00001
P00101,U00113,Elon just announced Crypto airdrop! Claim now: https://crypto-giveaway-official.xyz/search/explore,https://crypto-giveaway-official.xyz/search/explore,2026-08-02 14:07:32,1,C00001
P00102,U00161,FREE Crypto giveaway! Limited time only: https://crypto-giveaway-official.xyz/tags/app,https://crypto-giveaway-official.xyz/tags/app,2026-08-02 15:49:32,1,C00001
P00103,U00161,Double your https://crypto-giveaway-official.xyz/wp-content/posts investment! Verified by Crypto: Crypto,https://crypto-giveaway-official.xyz/wp-content/posts,2026-08-02 14:19:32,1,C00001
P00104,U00161,Double your https://crypto-giveaway-official.xyz/posts/tag/posts investment! Verified by Bitcoin: Bitcoin,https://crypto-giveaway-official.xyz/posts/tag/posts,2026-08-02 14:29:32,1,C00001
P00105,U00161,Double your https://crypto-giveaway-official.xyz/wp-content investment! Verified by BTC: BTC,https://crypto-giveaway-official.xyz/wp-content,2026-08-02 14:29:32,1,C00001
P00106,U00161,FREE Crypto giveaway! Limited time only: https://crypto-giveaway-official.xyz/tag/tag/tag,https://crypto-giveaway-official.xyz/tag/tag/tag,2026-08-02 15:08:32,1,C00001
P00107,U00233,FREE Bitcoin giveaway! Limited time only: https://crypto-giveaway-official.xyz/category/app,https://crypto-giveaway-official.xyz/category/app,2026-08-02 14:06:32,1,C00001
P00108,U00233,Elon just announced Crypto airdrop! Claim now: https://crypto-giveaway-official.xyz/explore,https://crypto-giveaway-official.xyz/explore,2026-08-02 15:39:32,1,C00001
P00109,U00247,Elon just announced Ethereum airdrop! Claim now: https://crypto-giveaway-official.xyz/explore/list,https://crypto-giveaway-official.xyz/explore/list,2026-08-02 15:06:32,1,C00001
P00110,U00247,FREE BTC giveaway! Limited time only: https://crypto-giveaway-official.xyz/wp-content/blog/tags,https://crypto-giveaway-official.xyz/wp-content/blog/tags,2026-08-02 15:40:32,1,C00001
P00111,U00247,Elon just announced BTC airdrop! Claim now: https://crypto-giveaway-official.xyz/search,https://crypto-giveaway-official.xyz/search,2026-08-02 15:04:32,1,C00001
P00112,U00247,Elon just announced BTC airdrop! Claim now: https://crypto-giveaway-official.xyz/list/search/main,https://crypto-giveaway-official.xyz/list/search/main,2026-08-02 15:09:32,1,C00001
P00113,U00247,FREE BTC giveaway! Limited time only: https://crypto-giveaway-official.xyz/tags/wp-content/posts,https://crypto-giveaway-official.xyz/tags/wp-content/posts,2026-08-02 14:34:32,1,C00001
P00114,U00284,Double your https://crypto-giveaway-official.xyz/explore/tag investment! Verified by Bitcoin: Bitcoin,https://crypto-giveaway-official.xyz/explore/tag,2026-08-02 15:00:32,1,C00001
P00115,U00284,Elon just announced ETH airdrop! Claim now: https://crypto-giveaway-official.xyz/tags/category/list,https://crypto-giveaway-official.xyz/tags/category/list,2026-08-02 15:38:32,1,C00001
P00116,U00327,FREE BTC giveaway! Limited time only: https://crypto-giveaway-official.xyz/tag,https://crypto-giveaway-official.xyz/tag,2026-08-02 14:18:32,1,C00001
P00117,U00327,FREE Ethereum giveaway! Limited time only: https://crypto-giveaway-official.xyz/category/wp-content,https://crypto-giveaway-official.xyz/category/wp-content,2026-08-02 15:39:32,1,C00001
P00118,U00327,FREE Ethereum giveaway! Limited time only: https://crypto-giveaway-official.xyz/app/wp-content,https://crypto-giveaway-official.xyz/app/wp-content,2026-08-02 14:01:32,1,C00001
P00119,U00367,FREE BTC giveaway! Limited time only: https://crypto-giveaway-official.xyz/search,https://crypto-giveaway-official.xyz/search,2026-08-02 14:21:32,1,C00001
P00120,U00367,Elon just announced Ethereum airdrop! Claim now: https://crypto-giveaway-official.xyz/app/categories/main,https://crypto-giveaway-official.xyz/app/categories/main,2026-08-02 15:42:32,1,C00001
P00121,U00367,Elon just announced Crypto airdrop! Claim now: https://crypto-giveaway-official.xyz/tags/app/list,https://crypto-giveaway-official.xyz/tags/app/list,2026-08-02 14:36:32,1,C00001
P00122,U00367,Elon just announced Bitcoin airdrop! Claim now: https://crypto-giveaway-official.xyz/posts/tags,https://crypto-giveaway-official.xyz/posts/tags,2026-08-02 14:07:32,1,C00001
P00123,U00367,Double your https://crypto-giveaway-official.xyz/explore/tags/tags investment! Verified by ETH: ETH,https://crypto-giveaway-official.xyz/explore/tags/tags,2026-08-02 14:46:32,1,C00001
P00124,U00417,Double your https://crypto-giveaway-official.xyz/app investment! Verified by ETH: ETH,https://crypto-giveaway-official.xyz/app,2026-08-02 14:54:32,1,C00001
P00125,U00417,FREE ETH giveaway! Limited time only: https://crypto-giveaway-official.xyz/main/tag/main,https://crypto-giveaway-official.xyz/main/tag/main,2026-08-02 15:11:32,1,C00001
P00126,U00417,Elon just announced BTC airdrop! Claim now: https://crypto-giveaway-official.xyz/tag/main,https://crypto-giveaway-official.xyz/tag/main,2026-08-02 14:10:32,1,C00001
P00127,U00417,Double your https://crypto-giveaway-official.xyz/blog/app/tag investment! Verified by Ethereum: Ethereum,https://crypto-giveaway-official.xyz/blog/app/tag,2026-08-02 14:14:32,1,C00001
P00128,U00420,FREE ETH giveaway! Limited time only: https://crypto-giveaway-official.xyz/list,https://crypto-giveaway-official.xyz/list,2026-08-02 15:35:32,1,C00001
P00129,U00420,FREE Crypto giveaway! Limited time only: https://crypto-giveaway-official.xyz/search/tags/main,https://crypto-giveaway-official.xyz/search/tags/main,2026-08-02 15:47:32,1,C00001
P00130,U00424,Double your https://crypto-giveaway-official.xyz/blog investment! Verified by Crypto: Crypto,https://crypto-giveaway-official.xyz/blog,2026-08-02 14:45:32,1,C00001
P00131,U00424,Elon just announced BTC airdrop! Claim now: https://crypto-giveaway-official.xyz/tags/search/posts,https://crypto-giveaway-official.xyz/tags/search/posts,2026-08-02 15:09:32,1,C00001
P00132,U00424,Elon just announced BTC airdrop! Claim now: https://crypto-giveaway-official.xyz/wp-content/wp-content,https://crypto-giveaway-official.xyz/wp-content/wp-content,2026-08-02 14:00:32,1,C00001
P00133,U00424,FREE Crypto giveaway! Limited time only: https://crypto-giveaway-official.xyz/posts/explore,https://crypto-giveaway-official.xyz/posts/explore,2026-08-02 14:47:32,1,C00001
P00134,U00464,Elon just announced ETH airdrop! Claim now: https://crypto-giveaway-official.xyz/blog/search,https://crypto-giveaway-official.xyz/blog/search,2026-08-02 15:23:32,1,C00001
P00135,U00464,Elon just announced BTC airdrop! Claim now: https://crypto-giveaway-official.xyz/blog,https://crypto-giveaway-official.xyz/blog,2026-08-02 14:00:32,1,C00001
P00136,U00464,Double your https://crypto-giveaway-official.xyz/list/blog investment! Verified by Crypto: Crypto,https://crypto-giveaway-official.xyz/list/blog,2026-08-02 15:24:32,1,C00001
P00137,U00471,FREE BTC giveaway! Limited time only: https://crypto-giveaway-official.xyz/search/app,https://crypto-giveaway-official.xyz/search/app,2026-08-02 15:53:32,1,C00001
P00138,U00471,Double your https://crypto-giveaway-official.xyz/main/main/categories investment! Verified by Crypto: Crypto,https://crypto-giveaway-official.xyz/main/main/categories,2026-08-02 13:58:32,1,C00001
P00139,U00471,Double your https://crypto-giveaway-official.xyz/main/main investment! Verified by Crypto: Crypto,https://crypto-giveaway-official.xyz/main/main,2026-08-02 14:35:32,1,C00001
P00140,U00054,Your Microsoft computer has a virus! Call now: https://microsoft-support-helpdesk.tk/app/blog/list,https://microsoft-support-helpdesk.tk/app/blog/list,2026-08-12 08:34:32,1,C00002
P00141,U00054,Critical PC update required. Download now: https://microsoft-support-helpdesk.tk/wp-content/explore/search,https://microsoft-support-helpdesk.tk/wp-content/explore/search,2026-08-12 09:35:32,1,C00002
P00142,U00071,ALERT: PC detected malware on your device: https://microsoft-support-helpdesk.tk/app/posts,https://microsoft-support-helpdesk.tk/app/posts,2026-08-12 09:13:32,1,C00002
P00143,U00071,Critical Windows update required. Download now: https://microsoft-support-helpdesk.tk/category,https://microsoft-support-helpdesk.tk/category,2026-08-12 08:20:32,1,C00002
P00144,U00071,ALERT: Microsoft detected malware on your device: https://microsoft-support-helpdesk.tk/posts/search,https://microsoft-support-helpdesk.tk/posts/search,2026-08-12 09:52:32,1,C00002
P00145,U00071,ALERT: PC detected malware on your device: https://microsoft-support-helpdesk.tk/main/list/list,https://microsoft-support-helpdesk.tk/main/list/list,2026-08-12 09:33:32,1,C00002
P00146,U00083,Your Mac computer has a virus! Call now: https://microsoft-support-helpdesk.tk/wp-content,https://microsoft-support-helpdesk.tk/wp-content,2026-08-12 09:37:32,1,C00002
P00147,U00083,Your Windows computer has a virus! Call now: https://microsoft-support-helpdesk.tk/tags/search/list,https://microsoft-support-helpdesk.tk/tags/search/list,2026-08-12 08:35:32,1,C00002
P00148,U00083,Critical Mac update required. Download now: https://microsoft-support-helpdesk.tk/search/blog/category,https://microsoft-support-helpdesk.tk/search/blog/category,2026-08-12 08:47:32,1,C00002
P00149,U00083,Your Mac computer has a virus! Call now: https://microsoft-support-helpdesk.tk/wp-content/category,https://microsoft-support-helpdesk.tk/wp-content/category,2026-08-12 09:48:32,1,C00002
P00150,U00123,Your Microsoft computer has a virus! Call now: https://microsoft-support-helpdesk.tk/search/category,https://microsoft-support-helpdesk.tk/search/category,2026-08-12 09:48:32,1,C00002
P00151,U00123,Your Windows computer has a virus! Call now: https://microsoft-support-helpdesk.tk/posts/tags,https://microsoft-support-helpdesk.tk/posts/tags,2026-08-12 08:27:32,1,C00002
P00152,U00151,ALERT: Windows detected malware on your device: https://microsoft-support-helpdesk.tk/main,https://microsoft-support-helpdesk.tk/main,2026-08-12 09:53:32,1,C00002
P00153,U00151,ALERT: Microsoft detected malware on your device: https://microsoft-support-helpdesk.tk/explore,https://microsoft-support-helpdesk.tk/explore,2026-08-12 08:31:32,1,C00002
P00154,U00261,ALERT: Mac detected malware on your device: https://microsoft-support-helpdesk.tk/app/explore/main,https://microsoft-support-helpdesk.tk/app/explore/main,2026-08-12 08:46:32,1,C00002
P00155,U00261,Critical Windows update required. Download now: https://microsoft-support-helpdesk.tk/list/tag,https://microsoft-support-helpdesk.tk/list/tag,2026-08-12 09:23:32,1,C00002
P00156,U00261,Your Microsoft computer has a virus! Call now: https://microsoft-support-helpdesk.tk/blog/wp-content/category,https://microsoft-support-helpdesk.tk/blog/wp-content/category,2026-08-12 08:43:32,1,C00002
P00157,U00261,ALERT: Mac detected malware on your device: https://microsoft-support-helpdesk.tk/tags/list,https://microsoft-support-helpdesk.tk/tags/list,2026-08-12 08:53:32,1,C00002
P00158,U00281,ALERT: Mac detected malware on your device: https://microsoft-support-helpdesk.tk/explore/main/explore,https://microsoft-support-helpdesk.tk/explore/main/explore,2026-08-12 09:06:32,1,C00002
P00159,U00281,ALERT: Apple detected malware on your device: https://microsoft-support-helpdesk.tk/categories,https://microsoft-support-helpdesk.tk/categories,2026-08-12 08:16:32,1,C00002
P00160,U00281,ALERT: Windows detected malware on your device: https://microsoft-support-helpdesk.tk/app/search,https://microsoft-support-helpdesk.tk/app/search,2026-08-12 08:32:32,1,C00002
P00161,U00289,ALERT: Windows detected malware on your device: https://microsoft-support-helpdesk.tk/app/list,https://microsoft-support-helpdesk.tk/app/list,2026-08-12 08:16:32,1,C00002
P00162,U00289,Critical Microsoft update required. Download now: https://microsoft-support-helpdesk.tk/posts/categories/categories,https://microsoft-support-helpdesk.tk/posts/categories/categories,2026-08-12 09:45:32,1,C00002
P00163,U00299,Critical Microsoft update required. Download now: https://microsoft-support-helpdesk.tk/list/categories/blog,https://microsoft-support-helpdesk.tk/list/categories/blog,2026-08-12 09:22:32,1,C00002
P00164,U00299,Your Apple computer has a virus! Call now: https://microsoft-support-helpdesk.tk/main/tags/wp-content,https://microsoft-support-helpdesk.tk/main/tags/wp-content,2026-08-12 09:19:32,1,C00002
P00165,U00299,ALERT: Mac detected malware on your device: https://microsoft-support-helpdesk.tk/tags/tags,https://microsoft-support-helpdesk.tk/tags/tags,2026-08-12 07:58:32,1,C00002
P00166,U00311,ALERT: Microsoft detected malware on your device: https://microsoft-support-helpdesk.tk/blog,https://microsoft-support-helpdesk.tk/blog,2026-08-12 09:18:32,1,C00002
P00167,U00311,Your Mac computer has a virus! Call now: https://microsoft-support-helpdesk.tk/app/tags/main,https://microsoft-support-helpdesk.tk/app/tags/main,2026-08-12 09:38:32,1,C00002
P00168,U00312,Your Apple computer has a virus! Call now: https://microsoft-support-helpdesk.tk/list/list,https://microsoft-support-helpdesk.tk/list/list,2026-08-12 09:13:32,1,C00002
P00169,U00312,ALERT: Apple detected malware on your device: https://microsoft-support-helpdesk.tk/tags,https://microsoft-support-helpdesk.tk/tags,2026-08-12 08:50:32,1,C00002
P00170,U00352,ALERT: PC detected malware on your device: https://microsoft-support-helpdesk.tk/wp-content/explore,https://microsoft-support-helpdesk.tk/wp-content/explore,2026-08-12 08:28:32,1,C00002
P00171,U00352,Your PC computer has a virus! Call now: https://microsoft-support-helpdesk.tk/blog,https://microsoft-support-helpdesk.tk/blog,2026-08-12 08:34:32,1,C00002
P00172,U00352,Critical Mac update required. Download now: https://microsoft-support-helpdesk.tk/blog,https://microsoft-support-helpdesk.tk/blog,2026-08-12 09:41:32,1,C00002
P00173,U00352,Critical PC update required. Download now: https://microsoft-support-helpdesk.tk/category/posts/app,https://microsoft-support-helpdesk.tk/category/posts/app,2026-08-12 09:10:32,1,C00002
P00174,U00352,Your Windows computer has a virus! Call now: https://microsoft-support-helpdesk.tk/posts/tag,https://microsoft-support-helpdesk.tk/posts/tag,2026-08-12 09:01:32,1,C00002
P00175,U00375,Critical Mac update required. Download now: https://microsoft-support-helpdesk.tk/tag/main,https://microsoft-support-helpdesk.tk/tag/main,2026-08-12 09:13:32,1,C00002
P00176,U00375,ALERT: Apple detected malware on your device: https://microsoft-support-helpdesk.tk/blog/app,https://microsoft-support-helpdesk.tk/blog/app,2026-08-12 09:23:32,1,C00002
P00177,U00375,Your PC computer has a virus! Call now: https://microsoft-support-helpdesk.tk/category/categories,https://microsoft-support-helpdesk.tk/category/categories,2026-08-12 08:04:32,1,C00002
P00178,U00375,ALERT: Apple detected malware on your device: https://microsoft-support-helpdesk.tk/main,https://microsoft-support-helpdesk.tk/main,2026-08-12 09:17:32,1,C00002
P00179,U00391,ALERT: Apple detected malware on your device: https://microsoft-support-helpdesk.tk/explore/tags/list,https://microsoft-support-helpdesk.tk/explore/tags/list,2026-08-12 09:19:32,1,C00002
P00180,U00391,Critical Apple update required. Download now: https://microsoft-support-helpdesk.tk/wp-content/blog/explore,https://microsoft-support-helpdesk.tk/wp-content/blog/explore,2026-08-12 08:20:32,1,C00002
P00181,U00391,Your Mac computer has a virus! Call now: https://microsoft-support-helpdesk.tk/posts/posts,https://microsoft-support-helpdesk.tk/posts/posts,2026-08-12 09:33:32,1,C00002
P00182,U00391,Your Windows computer has a virus! Call now: https://microsoft-support-helpdesk.tk/search/posts,https://microsoft-support-helpdesk.tk/search/posts,2026-08-12 09:39:32,1,C00002
P00183,U00430,Critical Apple update required. Download now: https://microsoft-support-helpdesk.tk/tag/tags/blog,https://microsoft-support-helpdesk.tk/tag/tags/blog,2026-08-12 09:23:32,1,C00002
P00184,U00430,Your Windows computer has a virus! Call now: https://microsoft-support-helpdesk.tk/main,https://microsoft-support-helpdesk.tk/main,2026-08-12 09:19:32,1,C00002
P00185,U00430,ALERT: Apple detected malware on your device: https://microsoft-support-helpdesk.tk/wp-content/category/posts,https://microsoft-support-helpdesk.tk/wp-content/category/posts,2026-08-12 08:29:32,1,C00002
P00186,U00430,ALERT: PC detected malware on your device: https://microsoft-support-helpdesk.tk/categories/category,https://microsoft-support-helpdesk.tk/categories/category,2026-08-12 08:45:32,1,C00002
P00187,U00430,Critical Windows update required. Download now: https://microsoft-support-helpdesk.tk/app,https://microsoft-support-helpdesk.tk/app,2026-08-12 09:10:32,1,C00002
P00188,U00435,ALERT: Microsoft detected malware on your device: https://microsoft-support-helpdesk.tk/tags,https://microsoft-support-helpdesk.tk/tags,2026-08-12 09:23:32,1,C00002
P00189,U00435,Critical PC update required. Download now: https://microsoft-support-helpdesk.tk/explore,https://microsoft-support-helpdesk.tk/explore,2026-08-12 09:52:32,1,C00002
P00190,U00435,Critical Apple update required. Download now: https://microsoft-support-helpdesk.tk/blog/main/tags,https://microsoft-support-helpdesk.tk/blog/main/tags,2026-08-12 09:00:32,1,C00002
P00191,U00461,Your Mac computer has a virus! Call now: https://microsoft-support-helpdesk.tk/main,https://microsoft-support-helpdesk.tk/main,2026-08-12 08:19:32,1,C00002
P00192,U00461,ALERT: Windows detected malware on your device: https://microsoft-support-helpdesk.tk/wp-content/posts,https://microsoft-support-helpdesk.tk/wp-content/posts,2026-08-12 08:56:32,1,C00002
P00193,U00461,Your Apple computer has a virus! Call now: https://microsoft-support-helpdesk.tk/explore,https://microsoft-support-helpdesk.tk/explore,2026-08-12 09:28:32,1,C00002
P00194,U00461,Critical Microsoft update required. Download now: https://microsoft-support-helpdesk.tk/main/category,https://microsoft-support-helpdesk.tk/main/category,2026-08-12 09:23:32,1,C00002
P00195,U00472,Critical Windows update required. Download now: https://microsoft-support-helpdesk.tk/list/tags/posts,https://microsoft-support-helpdesk.tk/list/tags/posts,2026-08-12 08:24:32,1,C00002
P00196,U00472,ALERT: Microsoft detected malware on your device: https://microsoft-support-helpdesk.tk/tag/tags,https://microsoft-support-helpdesk.tk/tag/tags,2026-08-12 09:31:32,1,C00002
P00197,U00472,ALERT: PC detected malware on your device: https://microsoft-support-helpdesk.tk/main/tag/categories,https://microsoft-support-helpdesk.tk/main/tag/categories,2026-08-12 09:36:32,1,C00002
P00198,U00472,ALERT: Apple detected malware on your device: https://microsoft-support-helpdesk.tk/blog,https://microsoft-support-helpdesk.tk/blog,2026-08-12 08:29:32,1,C00002
P00199,U00490,ALERT: Windows detected malware on your device: https://microsoft-support-helpdesk.tk/list/tag,https://microsoft-support-helpdesk.tk/list/tag,2026-08-12 08:56:32,1,C00002
P00200,U00490,Your Mac computer has a virus! Call now: https://microsoft-support-helpdesk.tk/posts/list/blog,https://microsoft-support-helpdesk.tk/posts/list/blog,2026-08-12 09:10:32,1,C00002
P00201,U00490,Critical Windows update required. Download now: https://microsoft-support-helpdesk.tk/explore,https://microsoft-support-helpdesk.tk/explore,2026-08-12 08:56:32,1,C00002
P00202,U00490,Your Mac computer has a virus! Call now: https://microsoft-support-helpdesk.tk/main,https://microsoft-support-helpdesk.tk/main,2026-08-12 08:11:32,1,C00002
P00203,U00498,Critical Apple update required. Download now: https://microsoft-support-helpdesk.tk/tags/tags,https://microsoft-support-helpdesk.tk/tags/tags,2026-08-12 08:48:32,1,C00002
P00204,U00498,Your Microsoft computer has a virus! Call now: https://microsoft-support-helpdesk.tk/categories/category,https://microsoft-support-helpdesk.tk/categories/category,2026-08-12 08:13:32,1,C00002
P00205,U00498,Your Apple computer has a virus! Call now: https://microsoft-support-helpdesk.tk/list/posts/search,https://microsoft-support-helpdesk.tk/list/posts/search,2026-08-12 08:48:32,1,C00002
P00206,U00498,Critical PC update required. Download now: https://microsoft-support-helpdesk.tk/explore/tag,https://microsoft-support-helpdesk.tk/explore/tag,2026-08-12 08:14:32,1,C00002
P00207,U00498,ALERT: Microsoft detected malware on your device: https://microsoft-support-helpdesk.tk/wp-content,https://microsoft-support-helpdesk.tk/wp-content,2026-08-12 09:35:32,1,C00002
P00208,U00004,WINNER WINNER! https://winner-claims-center.online/tags/list a new iPhone is yours! Verify: a new iPhone,https://winner-claims-center.online/tags/list,2026-08-15 08:36:32,1,C00003
P00209,U00004,WINNER WINNER! https://winner-claims-center.online/search/blog/list $1000 is yours! Verify: $1000,https://winner-claims-center.online/search/blog/list,2026-08-15 07:56:32,1,C00003
P00210,U00004,You've been selected for a https://winner-claims-center.online/blog/categories/wp-content a free vacation! Click: a free vacation,https://winner-claims-center.online/blog/categories/wp-content,2026-08-15 08:22:32,1,C00003
P00211,U00004,Congratulations! You won https://winner-claims-center.online/posts $5000 ! Claim here: $5000,https://winner-claims-center.online/posts,2026-08-15 09:33:32,1,C00003
P00212,U00015,You've been selected for a https://winner-claims-center.online/search/category/blog $1000! Click: $1000,https://winner-claims-center.online/search/category/blog,2026-08-15 08:12:32,1,C00003
P00213,U00015,WINNER WINNER! https://winner-claims-center.online/tags/explore/categories a gift card is yours! Verify: a gift card,https://winner-claims-center.online/tags/explore/categories,2026-08-15 09:17:32,1,C00003
P00214,U00015,You've been selected for a https://winner-claims-center.online/tags/blog/posts a gift card! Click: a gift card,https://winner-claims-center.online/tags/blog/posts,2026-08-15 08:50:32,1,C00003
P00215,U00025,You've been selected for a https://winner-claims-center.online/tag/categories/blog $1000! Click: $1000,https://winner-claims-center.online/tag/categories/blog,2026-08-15 08:00:32,1,C00003
P00216,U00025,WINNER WINNER! https://winner-claims-center.online/blog/list a new iPhone is yours! Verify: a new iPhone,https://winner-claims-center.online/blog/list,2026-08-15 09:29:32,1,C00003
P00217,U00025,You've been selected for a https://winner-claims-center.online/search/list/posts $1000! Click: $1000,https://winner-claims-center.online/search/list/posts,2026-08-15 09:50:32,1,C00003
P00218,U00025,You've been selected for a https://winner-claims-center.online/main/category/app $5000! Click: $5000,https://winner-claims-center.online/main/category/app,2026-08-15 08:20:32,1,C00003
P00219,U00025,Congratulations! You won https://winner-claims-center.online/search $1000 ! Claim here: $1000,https://winner-claims-center.online/search,2026-08-15 09:16:32,1,C00003
P00220,U00074,Congratulations! You won https://winner-claims-center.online/posts/main a free vacation ! Claim here: a free vacation,https://winner-claims-center.online/posts/main,2026-08-15 08:35:32,1,C00003
P00221,U00074,Congratulations! You won https://winner-claims-center.online/blog/main $1000 ! Claim here: $1000,https://winner-claims-center.online/blog/main,2026-08-15 08:45:32,1,C00003
P00222,U00074,WINNER WINNER! https://winner-claims-center.online/explore $5000 is yours! Verify: $5000,https://winner-claims-center.online/explore,2026-08-15 08:35:32,1,C00003
P00223,U00090,Congratulations! You won https://winner-claims-center.online/wp-content/categories $1000 ! Claim here: $1000,https://winner-claims-center.online/wp-content/categories,2026-08-15 08:34:32,1,C00003
P00224,U00090,You've been selected for a https://winner-claims-center.online/posts/main a gift card! Click: a gift card,https://winner-claims-center.online/posts/main,2026-08-15 09:29:32,1,C00003
P00225,U00090,WINNER WINNER! https://winner-claims-center.online/blog/list/blog $5000 is yours! Verify: $5000,https://winner-claims-center.online/blog/list/blog,2026-08-15 09:03:32,1,C00003
P00226,U00226,You've been selected for a https://winner-claims-center.online/category/categories/posts a new iPhone! Click: a new iPhone,https://winner-claims-center.online/category/categories/posts,2026-08-15 08:39:32,1,C00003
P00227,U00226,You've been selected for a https://winner-claims-center.online/search/tags/explore a free vacation! Click: a free vacation,https://winner-claims-center.online/search/tags/explore,2026-08-15 09:32:32,1,C00003
P00228,U00226,Congratulations! You won https://winner-claims-center.online/category/posts a new iPhone ! Claim here: a new iPhone,https://winner-claims-center.online/category/posts,2026-08-15 09:52:32,1,C00003
P00229,U00226,You've been selected for a https://winner-claims-center.online/search/categories/app $1000! Click: $1000,https://winner-claims-center.online/search/categories/app,2026-08-15 08:25:32,1,C00003
P00230,U00248,WINNER WINNER! https://winner-claims-center.online/wp-content/list a new iPhone is yours! Verify: a new iPhone,https://winner-claims-center.online/wp-content/list,2026-08-15 08:23:32,1,C00003
P00231,U00248,WINNER WINNER! https://winner-claims-center.online/posts/list $1000 is yours! Verify: $1000,https://winner-claims-center.online/posts/list,2026-08-15 09:11:32,1,C00003
P00232,U00248,WINNER WINNER! https://winner-claims-center.online/blog/category/tags a new iPhone is yours! Verify: a new iPhone,https://winner-claims-center.online/blog/category/tags,2026-08-15 08:11:32,1,C00003
P00233,U00272,WINNER WINNER! https://winner-claims-center.online/tags/posts/explore $1000 is yours! Verify: $1000,https://winner-claims-center.online/tags/posts/explore,2026-08-15 08:44:32,1,C00003
P00234,U00272,WINNER WINNER! https://winner-claims-center.online/tag/explore a free vacation is yours! Verify: a free vacation,https://winner-claims-center.online/tag/explore,2026-08-15 09:34:32,1,C00003
P00235,U00272,WINNER WINNER! https://winner-claims-center.online/wp-content $5000 is yours! Verify: $5000,https://winner-claims-center.online/wp-content,2026-08-15 08:02:32,1,C00003
P00236,U00272,WINNER WINNER! https://winner-claims-center.online/explore $1000 is yours! Verify: $1000,https://winner-claims-center.online/explore,2026-08-15 09:20:32,1,C00003
P00237,U00274,WINNER WINNER! https://winner-claims-center.online/main/app/search $1000 is yours! Verify: $1000,https://winner-claims-center.online/main/app/search,2026-08-15 08:02:32,1,C00003
P00238,U00274,WINNER WINNER! https://winner-claims-center.online/main/tags $1000 is yours! Verify: $1000,https://winner-claims-center.online/main/tags,2026-08-15 08:49:32,1,C00003
P00239,U00331,You've been selected for a https://winner-claims-center.online/app/tag $1000! Click: $1000,https://winner-claims-center.online/app/tag,2026-08-15 09:06:32,1,C00003
P00240,U00331,You've been selected for a https://winner-claims-center.online/app a gift card! Click: a gift card,https://winner-claims-center.online/app,2026-08-15 09:25:32,1,C00003
P00241,U00331,Congratulations! You won https://winner-claims-center.online/tag a new iPhone ! Claim here: a new iPhone,https://winner-claims-center.online/tag,2026-08-15 09:24:32,1,C00003
P00242,U00331,WINNER WINNER! https://winner-claims-center.online/app/explore/tags $1000 is yours! Verify: $1000,https://winner-claims-center.online/app/explore/tags,2026-08-15 08:34:32,1,C00003
P00243,U00331,You've been selected for a https://winner-claims-center.online/search/posts/categories $1000! Click: $1000,https://winner-claims-center.online/search/posts/categories,2026-08-15 09:20:32,1,C00003
P00244,U00359,WINNER WINNER! https://winner-claims-center.online/explore $5000 is yours! Verify: $5000,https://winner-claims-center.online/explore,2026-08-15 09:25:32,1,C00003
P00245,U00359,Congratulations! You won https://winner-claims-center.online/categories/explore a gift card ! Claim here: a gift card,https://winner-claims-center.online/categories/explore,2026-08-15 09:42:32,1,C00003
P00246,U00359,Congratulations! You won https://winner-claims-center.online/app/categories/category $5000 ! Claim here: $5000,https://winner-claims-center.online/app/categories/category,2026-08-15 09:28:32,1,C00003
P00247,U00359,WINNER WINNER! https://winner-claims-center.online/category/category/list $1000 is yours! Verify: $1000,https://winner-claims-center.online/category/category/list,2026-08-15 08:32:32,1,C00003
P00248,U00407,Congratulations! You won https://winner-claims-center.online/search/category/wp-content a gift card ! Claim here: a gift card,https://winner-claims-center.online/search/category/wp-content,2026-08-15 08:21:32,1,C00003
P00249,U00407,WINNER WINNER! https://winner-claims-center.online/categories/explore/posts a new iPhone is yours! Verify: a new iPhone,https://winner-claims-center.online/categories/explore/posts,2026-08-15 09:35:32,1,C00003
P00250,U00428,WINNER WINNER! https://winner-claims-center.online/app/blog/tag a new iPhone is yours! Verify: a new iPhone,https://winner-claims-center.online/app/blog/tag,2026-08-15 08:41:32,1,C00003
P00251,U00428,WINNER WINNER! https://winner-claims-center.online/tags/tags/explore a gift card is yours! Verify: a gift card,https://winner-claims-center.online/tags/tags/explore,2026-08-15 08:33:32,1,C00003
P00252,U00428,Congratulations! You won https://winner-claims-center.online/list/category/posts $1000 ! Claim here: $1000,https://winner-claims-center.online/list/category/posts,2026-08-15 09:06:32,1,C00003
P00253,U00428,You've been selected for a https://winner-claims-center.online/categories a new iPhone! Click: a new iPhone,https://winner-claims-center.online/categories,2026-08-15 09:24:32,1,C00003
P00254,U00466,You've been selected for a https://winner-claims-center.online/categories/search a new iPhone! Click: a new iPhone,https://winner-claims-center.online/categories/search,2026-08-15 07:56:32,1,C00003
P00255,U00466,Congratulations! You won https://winner-claims-center.online/posts/category/posts $1000 ! Claim here: $1000,https://winner-claims-center.online/posts/category/posts,2026-08-15 09:52:32,1,C00003
P00256,U00466,Congratulations! You won https://winner-claims-center.online/tag/search $5000 ! Claim here: $5000,https://winner-claims-center.online/tag/search,2026-08-15 09:21:32,1,C00003
P00257,U00466,You've been selected for a https://winner-claims-center.online/wp-content/categories/explore a new iPhone! Click: a new iPhone,https://winner-claims-center.online/wp-content/categories/explore,2026-08-15 08:07:32,1,C00003
P00258,U00466,WINNER WINNER! https://winner-claims-center.online/blog $1000 is yours! Verify: $1000,https://winner-claims-center.online/blog,2026-08-15 09:28:32,1,C00003
P00259,U00478,You've been selected for a https://winner-claims-center.online/app/app/blog a new iPhone! Click: a new iPhone,https://winner-claims-center.online/app/app/blog,2026-08-15 08:54:32,1,C00003
P00260,U00478,You've been selected for a https://winner-claims-center.online/list a free vacation! Click: a free vacation,https://winner-claims-center.online/list,2026-08-15 08:55:32,1,C00003
P00261,U00025,Warning! Unauthorized access detected. Secure your account: https://www.herbesthealth.com,https://www.herbesthealth.com,2026-08-17 13:02:32,1,
P00262,U00410,Great coffee at the new cafe downtown http://www.verify-accounts.info,http://www.verify-accounts.info,2024-03-27 15:49:32,0,
P00263,U00388,Check out this amazing article I found: http://www.onlinesgate.com,,2026-08-08 10:14:32,0,
P00264,U00168,Weekend vibes! Who else is relaxing today? http://www.clarkitservices.com,,2024-03-03 19:39:32,0,
P00265,U00047,"IRS NOTICE: You owe $3,000 in taxes. Pay here: https://www.spencerhaley.com",https://www.spencerhaley.com,2026-08-12 09:49:32,1,
P00266,U00492,Throwback to last summer's trip https://btinternet-104163.weeblysite.com/,,2025-02-07 02:12:32,0,
P00267,U00409,Learning something new every day! {} {} https://push-upgrade.com/,https://push-upgrade.com/,2022-12-28 09:49:32,0,
P00268,U00371,You won a free iPhone! Claim your prize now: https://www.algoodbody.com,https://www.algoodbody.com,2026-07-21 09:50:32,1,
P00269,U00302,New recipe turned out amazing! http://www.saiaonaard.co.jp.50gb222.xyz,http://www.saiaonaard.co.jp.50gb222.xyz,2023-06-08 17:28:32,0,
P00270,U00194,Weekend vibes! Who else is relaxing today? http://cz45875.tw1.ru/httpdocs,,2023-03-14 14:01:32,0,
P00271,U00429,Anyone know a good restaurant around here? https://hs1pdgbol.web.app/,,2021-03-17 23:49:32,0,
P00272,U00225,Check out this amazing article I found: https://aol-101176.weeblysite.com/,https://aol-101176.weeblysite.com/,2026-07-16 06:15:32,0,
P00273,U00360,Morning run done! Feeling energized 💪 http://www.xvhsesxklp.byinter.net,http://www.xvhsesxklp.byinter.net,2020-02-28 15:20:32,0,
P00274,U00489,Great coffee at the new cafe downtown https://mainnetconns.netlify.app/connection.html,,2025-03-03 22:12:32,0,
P00275,U00048,Learning something new every day! {} {} https://porezna-uprava-9d4fd.web.app/,https://porezna-uprava-9d4fd.web.app/,2019-03-16 15:41:32,0,
P00276,U00339,Just watched an amazing documentary about {} {} https://odnbl.weeblysite.com/,,2024-12-16 20:59:32,0,
P00277,U00027,Just had a great day at the park! http://iiioiuyatrueno.iiooooytrueoaas.repl.co/,,2024-10-28 09:24:32,0,
P00278,U00436,New recipe turned out amazing! https://info-dpdgroup-id7628632.azurewebsites.net/5fulsnok987/,https://info-dpdgroup-id7628632.azurewebsites.net/5fulsnok987/,2026-05-25 12:08:32,0,
P00279,U00123,Your Netflix account will be suspended. Update payment: https://www.x2y.com,https://www.x2y.com,2026-08-13 13:24:32,1,
P00280,U00329,Just watched an amazing documentary about {} {} http://acikdenizinternetsube.ga/,http://acikdenizinternetsube.ga/,2024-05-14 07:51:32,0,
P00281,U00410,Throwback to last summer's trip https://ama.05-jp.com/,https://ama.05-jp.com/,2026-02-17 23:28:32,0,
P00282,U00254,Just had a great day at the park! http://www.notification-manager.info,http://www.notification-manager.info,2025-06-23 02:30:32,0,
P00283,U00281,URGENT: Your account has been compromised. Click here to verify: https://www.pacs.ph,https://www.pacs.ph,2026-08-16 19:17:32,1,
P00284,U00455,Morning run done! Feeling energized 💪 https://attcurrentlyyahooonlineupdate.square.site/,,2025-01-19 08:15:32,0,
P00285,U00486,Great coffee at the new cafe downtown https://dev-homeelectronicaitau-py.pantheonsite.io/,https://dev-homeelectronicaitau-py.pantheonsite.io/,2026-05-16 13:04:32,0,
P00286,U00232,Great coffee at the new cafe downtown http://www.phltimberwarehouse.co.uk,http://www.phltimberwarehouse.co.uk,2023-06-26 19:18:32,0,
P00287,U00336,Weekend vibes! Who else is relaxing today? http://www.808korean.com,http://www.808korean.com,2024-08-14 00:49:32,0,
P00288,U00337,Just finished reading an incredible book. Highly recommend! http://www.wtcsurabaya.com,,2026-08-13 04:34:32,0,
P00289,U00493,Happy birthday to my best friend! 🎂 http://www.mydargahsazgoogle.ml,,2023-07-22 22:33:32,0,
P00290,U00023,Hot singles in your area want to meet you! https://www.tofusecret.com,https://www.tofusecret.com,2026-08-10 10:04:32,1,
P00291,U00369,Learning something new every day! {} {} https://juriskiana3.web.app/,https://juriskiana3.web.app/,2026-04-30 06:17:32,0,
P00292,U00061,Just watched an amazing documentary about {} {} https://login-clienti-bper-italia.cfolks.pl/application/mobile/public/webapp/digital-login/area-riservata.php,,2026-04-29 00:04:32,0,
P00293,U00366,Your Netflix account will be suspended. Update payment: https://www.acierno.com.br,https://www.acierno.com.br,2026-08-14 01:54:32,1,
P00294,U00428,Warning! Unauthorized access detected. Secure your account: https://www.ipef.br,https://www.ipef.br,2026-08-10 00:14:32,1,
P00295,U00258,Anyone know a good restaurant around here? https://marinae-52be1.web.app/,,2021-03-22 23:56:32,0,
P00296,U00024,Your package could not be delivered. Reschedule: https://www.exclusive-car-rental-rhodes.com,https://www.exclusive-car-rental-rhodes.com,2026-07-21 20:26:32,1,
P00297,U00399,Here is my latest blog post https://allianceinstrumentation.com.sg/spp/rb1fsu45ru1vx7a903dnto7g.php?08lefl1676364914642bbe8c92f76fa6dbe24040929a9d82642bbe8c92f76fa6dbe24040929a9d82642bbe8c92f76fa6dbe24040929a9d82642bbe8c92f76fa6dbe24040929a9d82642bbe8c92f76fa6dbe24040929a9d82=&email=,,2020-02-21 09:10:32,0,
P00298,U00053,Just watched an amazing documentary about {} {} https://fsargde-1f6d7.firebaseapp.com/,https://fsargde-1f6d7.firebaseapp.com/,2024-10-26 22:00:32,0,
P00299,U00311,Your payment of $500 is pending. Confirm here: https://www.visitfelixstowe.org.uk,,2026-08-15 02:35:32,1,
P00300,U00231,Anyone know a good restaurant around here? http://www.campbelll.gq,,2025-11-08 01:18:32,0,
P00301,U00383,Morning run done! Feeling energized 💪 http://www.korenshop.com,,2023-04-10 16:21:32,0,
P00302,U00364,Interesting discussion at work about {} today {} https://ipfs.io/ipfs/qmxjs17b9cj1aofvs1qdsslajnr2q44up7v24hy7sgjdgv?filename=index.html#redacted@abuse.ionos.com,https://ipfs.io/ipfs/qmxjs17b9cj1aofvs1qdsslajnr2q44up7v24hy7sgjdgv?filename=index.html#redacted@abuse.ionos.com,2023-01-30 08:44:32,0,
P00303,U00365,Happy birthday to my best friend! 🎂 http://www.topperit.com,,2022-10-11 02:58:32,0,
P00304,U00363,Here is my latest blog post http://connectwallet-vault.firebaseapp.com,,2023-10-20 21:12:32,0,
P00305,U00363,Can't believe it's already Friday! https://vpm-law.com/ctis.ndmi/bmc.sipc.php,,2024-08-25 21:26:32,0,
P00306,U00482,Your package could not be delivered. Reschedule: https://www.youthbaseballgloves.com,https://www.youthbaseballgloves.com,2026-08-08 01:05:32,1,
P00307,U00054,URGENT: Your account has been compromised. Click here to verify: https://www.kindergartencrate.com,https://www.kindergartencrate.com,2026-08-11 10:53:32,1,
P00308,U00102,Working on a new project. Excited to share soon! https://att-103731-107123.weeblysite.com/,https://att-103731-107123.weeblysite.com/,2024-10-27 05:13:32,0,
P00309,U00429,Check out this amazing article I found: https://kumionxlgiomn.godaddysites.com/,,2023-04-27 08:08:32,0,
P00310,U00183,Throwback to last summer's trip http://tarlamix.azurewebsites.net/wp-includes/regionac/927e199225793c2/region.php?lca#927e199225793c2b2,,2026-05-04 19:01:32,0,
P00311,U00287,Just finished reading an incredible book. Highly recommend! https://relationmutuel2024.web.app/,https://relationmutuel2024.web.app/,2024-10-23 21:32:32,0,
P00312,U00401,Happy birthday to my best friend! 🎂 https://abcdef.infura-ipfs.io/ipfs/qmnr9rvuqvfutqq7vap1s9jyn3xqewyacfmvobtkijehe5,https://abcdef.infura-ipfs.io/ipfs/qmnr9rvuqvfutqq7vap1s9jyn3xqewyacfmvobtkijehe5,2026-05-13 02:32:32,0,
P00313,U00403,Great coffee at the new cafe downtown http://www.lhc.vg,,2020-06-08 13:56:32,0,
P00314,U00103,Throwback to last summer's trip http://www.adorantha.com,,2021-12-22 06:58:32,0,
P00315,U00363,Weekend vibes! Who else is relaxing today? https://m3y.d2a.myftpupload.com/,,2023-04-29 21:09:32,0,
P00316,U00397,Beautiful sunset today! Feeling grateful 🌅 https://3vlocksmith.com/mpsitnew/login.html,,2023-05-01 00:45:32,0,
P00317,U00038,Here is my latest blog post https://asesoriawebnotificacionesonlinebankgalicia--bankingenlinea.repl.co/,https://asesoriawebnotificacionesonlinebankgalicia--bankingenlinea.repl.co/,2026-05-20 15:24:32,0,
P00318,U00020,Learning something new every day! {} {} http://www.sadcopac.org/wp-includes/customize/mk/,http://www.sadcopac.org/wp-includes/customize/mk/,2025-01-22 21:40:32,0,
P00319,U00299,SECURITY ALERT: Verify your identity immediately: https://www.hdaustria.at,https://www.hdaustria.at,2026-08-17 04:27:32,1,
P00320,U00079,Check out this amazing article I found: http://cz16460.tw1.ru/httpdocs/login/ologin.php,http://cz16460.tw1.ru/httpdocs/login/ologin.php,2024-11-26 04:18:32,0,
P00321,U00477,Happy birthday to my best friend! 🎂 https://singapore-0utlook-invite.firebaseapp.com/,https://singapore-0utlook-invite.firebaseapp.com/,2021-02-14 20:21:32,0,
P00322,U00401,Great coffee at the new cafe downtown http://www.melisetotoaksesuar.com,,2023-09-06 07:45:32,0,
P00323,U00402,Morning run done! Feeling energized 💪 http://www.1dnscontrol.com,,2025-09-25 01:22:32,0,
P00324,U00047,"IRS NOTICE: You owe $3,000 in taxes. Pay here: https://www.tudocelular.com",https://www.tudocelular.com,2026-08-14 08:14:32,1,
P00325,U00184,Happy birthday to my best friend! 🎂 https://rebrand.ly/kfwj4td,https://rebrand.ly/kfwj4td,2025-05-26 19:23:32,0,
P00326,U00287,Just had a great day at the park! http://www.deluxerubber.com,http://www.deluxerubber.com,2026-04-21 17:34:32,0,
P00327,U00463,Your payment of $500 is pending. Confirm here: https://www.bernhardt.com,https://www.bernhardt.com,2026-08-16 17:00:32,1,
P00328,U00468,Can't believe it's already Friday! https://britishirish-mail-786.square.site/,,2025-07-18 06:22:32,0,
P00329,U00012,Morning run done! Feeling energized 💪 http://www.lyonfinancialusa.com,,2026-02-06 22:05:32,0,
P00330,U00249,Check out this amazing article I found: http://www.brient.cf,http://www.brient.cf,2024-12-17 18:44:32,0,
P00331,U00042,Can't believe it's already Friday! http://www.alex.zhivi-bogato.ru,http://www.alex.zhivi-bogato.ru,2026-05-23 21:22:32,0,
P00332,U00033,Beautiful sunset today! Feeling grateful 🌅 https://bnp-info01.firebaseapp.com/,,2026-04-29 17:29:32,0,
P00333,U00105,Interesting discussion at work about {} today {} http://www.kasdima.top,,2021-09-29 18:04:32,0,
P00334,U00382,Anyone know a good restaurant around here? https://securi-pass-assiste.firebaseapp.com/,https://securi-pass-assiste.firebaseapp.com/,2026-07-24 00:11:32,0,
P00335,U00044,Loving the new update on this app. https://csmoneyselllskin.life/auth.php/,https://csmoneyselllskin.life/auth.php/,2026-04-28 09:06:32,0,
P00336,U00036,Just finished reading an incredible book. Highly recommend! https://billowing-term-2638.ktvbrvqtatr.workers.dev/,https://billowing-term-2638.ktvbrvqtatr.workers.dev/,2023-09-23 01:32:32,0,
P00337,U00207,Learning something new every day! {} {} http://nodepagedatta.org,,2023-01-30 14:32:32,0,
P00338,U00273,Just had a great day at the park! http://3115ff.com/,http://3115ff.com/,2026-04-09 15:19:32,0,
P00339,U00434,Loving the new update on this app. https://flash-efficient-pixie.glitch.me/,https://flash-efficient-pixie.glitch.me/,2024-08-14 22:50:32,0,
P00340,U00351,Happy birthday to my best friend! 🎂 https://quotemyprojectnow88367463.firebaseapp.com/,,2025-08-28 05:08:32,0,
P00341,U00195,Just watched an amazing documentary about {} {} http://www.thoosje.com,,2026-07-16 23:46:32,0,
P00342,U00069,Just watched an amazing documentary about {} {} https://wordpress-119086-0.cloudclusters.net/wp-content/uploads/2023/04/03/sa8/111/,https://wordpress-119086-0.cloudclusters.net/wp-content/uploads/2023/04/03/sa8/111/,2025-02-05 05:16:32,0,
P00343,U00346,Weekend vibes! Who else is relaxing today? http://www.americaoexprecs.co.jp.ffypah.cn/,,2026-07-25 21:01:32,0,
P00344,U00063,Check out this amazing article I found: https://home--galiciaoffic.repl.co,https://home--galiciaoffic.repl.co,2026-08-06 20:18:32,0,
P00345,U00280,Loving the new update on this app. http://www.shoppingbagsdirect.com,,2026-03-14 08:09:32,0,
P00346,U00371,"IRS NOTICE: You owe $3,000 in taxes. Pay here: https://www.decorstone.com.au",https://www.decorstone.com.au,2026-08-11 00:59:32,1,
P00347,U00262,Anyone know a good restaurant around here? http://www.americaooxprecs.co.jp.amtwtw.cn/,,2026-03-06 09:42:32,0,
P00348,U00129,Beautiful sunset today! Feeling grateful 🌅 https://thirsty-pale-watchmaker.glitch.me/,,2025-12-26 09:14:32,0,
P00349,U00436,Check out this amazing article I found: http://www.campbelli.ga,,2025-11-09 00:15:32,0,
P00350,U00148,Loving the new update on this app. http://www.buysubarus.com,,2025-03-22 11:44:32,0,
P00351,U00249,Great coffee at the new cafe downtown https://www.servizio-fatturazione.com/,,2024-08-16 10:14:32,0,
P00352,U00051,Happy birthday to my best friend! 🎂 https://storageapi-stg.fleek.co/561c1fb8-1597-4f0c-be64-05990665cb10-bucket/semi/index.html,https://storageapi-stg.fleek.co/561c1fb8-1597-4f0c-be64-05990665cb10-bucket/semi/index.html,2025-11-05 08:36:32,0,
P00353,U00168,Happy birthday to my best friend! 🎂 https://credicard-loguin.ml,https://credicard-loguin.ml,2025-10-08 20:20:32,0,
P00354,U00161,Your package could not be delivered. Reschedule: https://www.rjrradio.fr,https://www.rjrradio.fr,2026-08-15 14:36:32,1,
P00355,U00113,Your package could not be delivered. Reschedule: https://www.greencounty.org,https://www.greencounty.org,2026-08-13 03:48:32,1,
P00356,U00169,New recipe turned out amazing! https://fartraumaticmultiprocessing--zanduzan.repl.co/,,2024-01-13 00:34:32,0,
P00357,U00249,Interesting discussion at work about {} today {} http://www.ksua.top/,,2026-01-07 09:15:32,0,
P00358,U00430,SECURITY ALERT: Verify your identity immediately: https://www.ixxi.tv,https://www.ixxi.tv,2026-08-15 21:44:32,1,
P00359,U00453,Loving the new update on this app. https://bafybeifjzaxsnhfhfazkbi3qivptbog7zobsjpfj3rzr6cfmyfzjhkfn4q.ipfs.dweb.link/,,2026-06-01 14:02:32,0,
P00360,U00015,FREE Bitcoin giveaway! Send 0.1 ETH get 1 BTC back: https://www.mythindex.com,https://www.mythindex.com,2026-08-08 07:58:32,1,
P00361,U00133,Exclusive offer just for you! Don't miss out: https://www.cityofcentralia.com,https://www.cityofcentralia.com,2026-08-13 03:31:32,1,
P00362,U00395,Happy birthday to my best friend! 🎂 http://www.musicsp.com,,2026-04-02 00:24:32,0,
P00363,U00203,Weekend vibes! Who else is relaxing today? https://etc-iikjhh.freeddns.com/,https://etc-iikjhh.freeddns.com/,2020-12-30 14:14:32,0,
P00364,U00493,Here is my latest blog post https://ipfs.io/ipfs/bafkreihmb7mzer6ivnqrmoxys6ens4ojllnzjid54oex7xyf2q43pt2zbu,https://ipfs.io/ipfs/bafkreihmb7mzer6ivnqrmoxys6ens4ojllnzjid54oex7xyf2q43pt2zbu,2023-09-30 10:28:32,0,
P00365,U00289,https://www.newcomen.com Click the link to claim your reward!,https://www.newcomen.com,2026-08-14 03:54:32,1,
P00366,U00249,Just finished reading an incredible book. Highly recommend! http://www.kakosidobrosam.gq,http://www.kakosidobrosam.gq,2026-04-11 06:33:32,0,
P00367,U00342,Beautiful sunset today! Feeling grateful 🌅 https://fox-8xni-kbxx.te59edi38680.workers.dev/,https://fox-8xni-kbxx.te59edi38680.workers.dev/,2025-03-05 03:32:32,0,
P00368,U00232,Check out this amazing article I found: https://kellerkelly.com/kscourts.org/,https://kellerkelly.com/kscourts.org/,2026-05-27 18:36:32,0,
P00369,U00495,Morning run done! Feeling energized 💪 https://att-101804.weeblysite.com/,,2025-11-09 15:40:32,0,
P00370,U00291,Here is my latest blog post http://www.freesurfproxy.com,http://www.freesurfproxy.com,2024-07-06 18:32:32,0,
P00371,U00334,Loving the new update on this app. https://ipfs.io/ipfs/qmzkcewugkyyafxnpggbej99cvefu1sty7kxjba3gsjsbs,,2025-03-06 06:32:32,0,
P00372,U00114,Morning run done! Feeling energized 💪 https://www.indushealthplus.com/common/comps/ali/portal.php?email=enquiry.pfs@prima.com.sg,,2025-06-28 03:04:32,0,
P00373,U00249,New recipe turned out amazing! http://www.irir.org,http://www.irir.org,2026-08-03 22:00:32,0,
P00374,U00084,Just finished reading an incredible book. Highly recommend! https://super-k-13ceb.firebaseapp.com/,https://super-k-13ceb.firebaseapp.com/,2026-03-12 22:15:32,0,
P00375,U00076,Here is my latest blog post https://tcp.ch/wp-includes/netflix-cleanedbymetri/flexx/n/login,,2026-07-28 03:18:32,0,
P00376,U00060,Just finished reading an incredible book. Highly recommend! http://www.virtualartsonline.com,http://www.virtualartsonline.com,2024-04-20 04:10:32,0,
P00377,U00345,New recipe turned out amazing! https://jpospe.com,https://jpospe.com,2025-04-14 08:19:32,0,
P00378,U00426,Learning something new every day! {} {} http://www.papillonweb.fr,http://www.papillonweb.fr,2026-05-18 07:54:32,0,
P00379,U00303,Here is my latest blog post https://bit.ly/3kumb3b,https://bit.ly/3kumb3b,2025-02-11 18:24:32,0,
P00380,U00293,Anyone know a good restaurant around here? http://www.secondnatur3.com,,2025-12-31 09:40:32,0,
P00381,U00264,Just watched an amazing documentary about {} {} https://sbct-4cx.firebaseapp.com/,https://sbct-4cx.firebaseapp.com/,2026-03-16 20:16:32,0,
P00382,U00368,Happy birthday to my best friend! 🎂 https://vcajaspiura.com/,,2025-08-31 08:28:32,0,
P00383,U00241,New recipe turned out amazing! https://mfacebook-help-600641017824606.firebaseapp.com/,https://mfacebook-help-600641017824606.firebaseapp.com/,2025-09-02 07:03:32,0,
P00384,U00073,Here is my latest blog post http://zuyyae.com/,http://zuyyae.com/,2023-02-17 17:24:32,0,
P00385,U00370,Great coffee at the new cafe downtown https://attpremiumversion.wixsite.com/my-site,https://attpremiumversion.wixsite.com/my-site,2021-07-16 19:19:32,0,
P00386,U00193,FREE Bitcoin giveaway! Send 0.1 ETH get 1 BTC back: https://www.raf-fairford.co.uk,https://www.raf-fairford.co.uk,2026-08-15 11:55:32,1,
P00387,U00440,Morning run done! Feeling energized 💪 https://help-id-fb-20168286114.firebaseapp.com/,https://help-id-fb-20168286114.firebaseapp.com/,2024-04-10 10:18:32,0,
P00388,U00243,You won a free iPhone! Claim your prize now: https://www.anzrsai.org,https://www.anzrsai.org,2026-07-19 21:24:32,1,
P00389,U00047,Exclusive offer just for you! Don't miss out: https://www.internationalrentalnews.com,https://www.internationalrentalnews.com,2026-08-07 09:59:32,1,
P00390,U00423,Just had a great day at the park! https://suytvbn-88.firebaseapp.com/,https://suytvbn-88.firebaseapp.com/,2024-03-16 22:30:32,0,
P00391,U00022,Your package could not be delivered. Reschedule: https://www.jetpens.com,https://www.jetpens.com,2026-08-09 23:06:32,1,
P00392,U00179,Can't believe it's already Friday! http://aoljl-live.weeblysite.com/,http://aoljl-live.weeblysite.com/,2024-03-29 10:40:32,0,
P00393,U00119,Login to your bank account immediately to prevent suspension: https://www.akita-yulala.jp,https://www.akita-yulala.jp,2026-08-12 19:00:32,1,
P00394,U00131,Beautiful sunset today! Feeling grateful 🌅 https://my-bt1037.square.site/,,2026-08-05 16:09:32,0,
P00395,U00295,Morning run done! Feeling energized 💪 http://www.htmta-iranmmmm.ml,http://www.htmta-iranmmmm.ml,2025-04-21 22:56:32,0,
P00396,U00105,Great coffee at the new cafe downtown https://accslabaquep0syleshdjmo8-comfr.web.app/,https://accslabaquep0syleshdjmo8-comfr.web.app/,2022-01-16 03:50:32,0,
P00397,U00333,Working on a new project. Excited to share soon! https://ipfs.io/ipfs/qmyfaq5me683epdtbtsnpwmjaphvb7jwsitmdlfbjdi3ag?email=3mail@b.c,,2023-09-11 21:29:32,0,
P00398,U00313,Working on a new project. Excited to share soon! http://www.gellax.com,http://www.gellax.com,2022-10-24 02:08:32,0,
P00399,U00282,Interesting discussion at work about {} today {} http://www.drlaszlozopcsak.com,,2021-03-20 09:33:32,0,
P00400,U00247,SECURITY ALERT: Verify your identity immediately: https://www.cerego.com,https://www.cerego.com,2026-08-12 20:34:32,1,
P00401,U00203,Anyone know a good restaurant around here? http://www.js1166.com,http://www.js1166.com,2025-04-16 15:42:32,0,
P00402,U00358,Here is my latest blog post http://1inch.guru,http://1inch.guru,2026-01-24 08:24:32,0,
P00403,U00173,Interesting discussion at work about {} today {} http://www.fkfcorp.com.hydrogrokit.com,,2026-01-16 09:32:32,0,
P00404,U00002,Login to your bank account immediately to prevent suspension: https://www.mar-rosso.it,https://www.mar-rosso.it,2026-08-14 22:57:32,1,
P00405,U00045,Login to your bank account immediately to prevent suspension: https://www.moriel.org,https://www.moriel.org,2026-08-16 07:33:32,1,
P00406,U00019,Just watched an amazing documentary about {} {} https://app-acessofacil-portalcliente.com/luiza/home.php?userid=13&uri=9cavjvyvg0uxl75/ieozjydv4vdu9dhm6gjeul1p3ns=,,2026-06-26 19:15:32,0,
P00407,U00364,Check out this amazing article I found: http://juvenileecstaticpress.eebbaccnasv.repl.co/,http://juvenileecstaticpress.eebbaccnasv.repl.co/,2025-08-23 18:25:32,0,
P00408,U00103,Morning run done! Feeling energized 💪 http://www.xyxyxt.net,,2025-01-09 08:54:32,0,
P00409,U00261,Your payment of $500 is pending. Confirm here: https://www.paratiro.gr,https://www.paratiro.gr,2026-08-15 09:13:32,1,
P00410,U00122,Just had a great day at the park! https://fb-business-appeal-d2494.web.app/,,2024-11-11 12:39:32,0,
P00411,U00180,Just watched an amazing documentary about {} {} http://www.culturasmetropolitanas.org,,2025-06-27 20:44:32,0,
P00412,U00377,Loving the new update on this app. https://eventxs-official.bgmi-india.com/?fbclid=paaab-yb5bnvjwxjzojruwx14i8tv9fltoiwgim_n_wkxalgf6d8jowqhdulu_aem_auzt7rdet9vi493-zsbewo0hbfokuw7wpcdkpb9nqp45u82i6yg8brdak71uyepalwmidbt0mcophqbtqzifmxff9ujrdcovoqdoq7rxckuxjgqx-yuzi1l1a3e7znhj1fi,,2025-08-12 21:38:32,0,
P00413,U00286,Weekend vibes! Who else is relaxing today? http://www.dh5tpr1jer53u12kzgb21vy8zyd.net,,2024-09-05 06:42:32,0,
P00414,U00099,Throwback to last summer's trip https://securipasseoideikskzhaoyioau.web.app/,https://securipasseoideikskzhaoyioau.web.app/,2022-02-04 20:56:32,0,
P00415,U00208,Morning run done! Feeling energized 💪 http://www.saiconcard.co.jp.50gb540.xyz,,2026-06-23 21:52:32,0,
P00416,U00174,Warning! Unauthorized access detected. Secure your account: https://www.paturkey.com,https://www.paturkey.com,2026-08-08 21:04:32,1,
P00417,U00128,IMPORTANT: Update your password now to avoid lockout: https://www.rockgympro.com,https://www.rockgympro.com,2026-08-04 20:26:32,1,
P00418,U00387,Great coffee at the new cafe downtown https://magicvelocityrating.com/u/d/gfaoryqunnddynajzzcu2pgosk5mivulmdmr9qjf1eyclpfbwfhfudnu88x3d7uq/oceeca%3d%3d,https://magicvelocityrating.com/u/d/gfaoryqunnddynajzzcu2pgosk5mivulmdmr9qjf1eyclpfbwfhfudnu88x3d7uq/oceeca%3d%3d,2022-04-12 00:13:32,0,
P00419,U00300,Just had a great day at the park! http://www.pbsoft.com,http://www.pbsoft.com,2026-04-16 11:40:32,0,
P00420,U00324,Just finished reading an incredible book. Highly recommend! https://kmtdjwsjnkf01.z13.web.core.windows.net/,,2025-09-04 16:42:32,0,
P00421,U00211,Weekend vibes! Who else is relaxing today? https://is.gd/smartbperweb,,2023-09-24 21:56:32,0,
P00422,U00134,Just finished reading an incredible book. Highly recommend! http://dominduj.hyperphp.com/,,2025-10-27 12:31:32,0,
P00423,U00420,Your Netflix account will be suspended. Update payment: https://www.moruslondinium.org,https://www.moruslondinium.org,2026-08-16 20:57:32,1,
P00424,U00160,Weekend vibes! Who else is relaxing today? http://sing-up-daviplat.vastserve.com/?i=1,http://sing-up-daviplat.vastserve.com/?i=1,2026-04-27 20:39:32,0,
P00425,U00382,Beautiful sunset today! Feeling grateful 🌅 http://www.uwkpaqwj.com,http://www.uwkpaqwj.com,2025-03-24 15:44:32,0,
P00426,U00123,SECURITY ALERT: Verify your identity immediately: https://www.avtostat-info.com,https://www.avtostat-info.com,2026-08-14 07:44:32,1,
P00427,U00428,"IRS NOTICE: You owe $3,000 in taxes. Pay here: https://www.alittleshop.co.nz",https://www.alittleshop.co.nz,2026-08-15 11:49:32,1,
P00428,U00346,New recipe turned out amazing! http://www.token-im.life,,2023-03-09 14:08:32,0,
P00429,U00490,You won a free iPhone! Claim your prize now: https://www.corriereromagna.it,https://www.corriereromagna.it,2026-08-10 03:17:32,1,
P00430,U00459,Working on a new project. Excited to share soon! http://www.yisankeji.site,,2025-04-02 09:08:32,0,
P00431,U00143,Just watched an amazing documentary about {} {} http://www.kooskhone2010.blogspot.com,http://www.kooskhone2010.blogspot.com,2024-02-19 20:48:32,0,
P00432,U00409,Learning something new every day! {} {} http://www.secur-real-estate.bid,,2023-12-11 21:54:32,0,
P00433,U00201,Hot singles in your area want to meet you! https://www.motorsportweek.com,https://www.motorsportweek.com,2026-08-16 11:12:32,1,
P00434,U00161,URGENT: Your account has been compromised. Click here to verify: https://www.necarnegies.com,https://www.necarnegies.com,2026-08-16 17:43:32,1,
P00435,U00051,Great coffee at the new cafe downtown http://www.accgmail.com,http://www.accgmail.com,2022-07-27 19:01:32,0,
P00436,U00280,Working on a new project. Excited to share soon! https://howtodothebusiness.com/wp-includes/requests/utiliti/business/login.htm,,2026-04-18 06:26:32,0,
P00437,U00175,Weekend vibes! Who else is relaxing today? http://www.kittyshop.kilu.org,http://www.kittyshop.kilu.org,2026-02-09 23:29:32,0,
P00438,U00358,Weekend vibes! Who else is relaxing today? https://yhmailllllerrrlll.godaddysites.com/,https://yhmailllllerrrlll.godaddysites.com/,2024-07-31 02:39:32,0,
P00439,U00292,Anyone know a good restaurant around here? https://update-luxtrust.web.app/,,2025-01-04 17:42:32,0,
P00440,U00369,Working on a new project. Excited to share soon! https://lps.onetowelnow.com/agsp_7730_1_es_wel,,2025-12-18 21:29:32,0,
P00441,U00100,Anyone know a good restaurant around here? http://www.4.kbodv.com,http://www.4.kbodv.com,2024-12-12 23:05:32,0,
P00442,U00215,Exclusive offer just for you! Don't miss out: https://www.iab.com,https://www.iab.com,2026-08-14 18:23:32,1,
P00443,U00161,Exclusive offer just for you! Don't miss out: https://www.foxsseattle.com,https://www.foxsseattle.com,2026-08-13 06:21:32,1,
P00444,U00024,FREE Bitcoin giveaway! Send 0.1 ETH get 1 BTC back: https://www.bluradio.com,https://www.bluradio.com,2026-08-13 16:46:32,1,
P00445,U00416,Working on a new project. Excited to share soon! https://nordon-onviseca.azurewebsites.net/2n6o5es/,https://nordon-onviseca.azurewebsites.net/2n6o5es/,2025-04-16 18:50:32,0,
P00446,U00171,Working on a new project. Excited to share soon! http://upsdeliverycheck.com/,,2025-08-13 03:21:32,0,
P00447,U00414,Working on a new project. Excited to share soon! http://www.cajaarequipa.com/,http://www.cajaarequipa.com/,2025-08-30 14:30:32,0,
P00448,U00444,Beautiful sunset today! Feeling grateful 🌅 http://www.daintesuib.com,,2025-10-25 20:15:32,0,
P00449,U00089,Happy birthday to my best friend! 🎂 https://sa5-ui.firebaseapp.com/,,2026-02-17 04:13:32,0,
P00450,U00396,IMPORTANT: Update your password now to avoid lockout: https://www.eamonnbedford.com,https://www.eamonnbedford.com,2026-08-17 02:17:32,1,
P00451,U00323,Anyone know a good restaurant around here? http://www.norbertwaszak.pl,,2024-09-29 18:05:32,0,
P00452,U00215,FREE Bitcoin giveaway! Send 0.1 ETH get 1 BTC back: https://www.goes.noaa.gov,https://www.goes.noaa.gov,2026-08-16 12:46:32,1,
P00453,U00160,Great coffee at the new cafe downtown http://www.aliceseagerfitness.com,,2026-03-20 16:39:32,0,
P00454,U00202,Working on a new project. Excited to share soon! http://www.twosigma.publicvm.com,,2024-02-18 03:09:32,0,
P00455,U00494,IMPORTANT: Update your password now to avoid lockout: https://www.norwaydna.no,https://www.norwaydna.no,2026-08-14 09:45:32,1,
P00456,U00064,Just finished reading an incredible book. Highly recommend! https://storageapi.fleek.co/f93bbabc-c9fe-416b-9895-abc3c414d6f4-bucket/tec7/index.html,,2022-12-01 06:09:32,0,
P00457,U00040,CONGRATULATIONS!!! You've been selected! Claim NOW: https://www.dfranquias.com,https://www.dfranquias.com,2026-08-17 02:50:32,1,
P00458,U00479,New recipe turned out amazing! http://www.useridentity-confirm.info,,2020-06-23 13:55:32,0,
P00459,U00268,Loving the new update on this app. https://linktq.top/,https://linktq.top/,2026-01-17 06:17:32,0,
P00460,U00335,Just watched an amazing documentary about {} {} http://host-authoritatdaive.longmusic.com/index.php?sinvu=11ssssssssssssadadas,,2026-03-12 07:41:32,0,
P00461,U00226,https://www.kids-interactive.de Click the link to claim your reward!,https://www.kids-interactive.de,2026-08-14 22:03:32,1,
P00462,U00017,Weekend vibes! Who else is relaxing today? http://www.azure-service.com,,2025-09-17 23:27:32,0,
P00463,U00276,Working on a new project. Excited to share soon! http://www.mozeiri.ir,,2020-06-23 00:48:32,0,
P00464,U00357,Interesting discussion at work about {} today {} http://www.yn.com,http://www.yn.com,2025-08-19 20:18:32,0,
P00465,U00383,Learning something new every day! {} {} http://www.gongsinet.kr,,2020-10-02 18:16:32,0,
P00466,U00465,Weekend vibes! Who else is relaxing today? http://kocinlugingxnnicx.godaddysites.com/,,2026-04-15 21:42:32,0,
P00467,U00226,LIMITED TIME: 90% OFF everything! Shop now: https://www.beprosoftware.com,https://www.beprosoftware.com,2026-08-12 01:40:32,1,
P00468,U00005,Just had a great day at the park! https://hdfccpageekyc09.web.app/,https://hdfccpageekyc09.web.app/,2026-04-06 10:34:32,0,
P00469,U00273,Just had a great day at the park! http://www.fourcanal.com,http://www.fourcanal.com,2023-11-13 23:37:32,0,
P00470,U00220,Happy birthday to my best friend! 🎂 https://outlook518.yolasite.com/,https://outlook518.yolasite.com/,2024-12-14 07:06:32,0,
P00471,U00191,Beautiful sunset today! Feeling grateful 🌅 http://www.400hefei.com,http://www.400hefei.com,2024-04-25 21:29:32,0,
P00472,U00083,FREE Bitcoin giveaway! Send 0.1 ETH get 1 BTC back: https://www.robothams.co.uk,https://www.robothams.co.uk,2026-08-11 07:40:32,1,
P00473,U00320,Just finished reading an incredible book. Highly recommend! http://www.greenlandlion.com,,2025-03-05 19:05:32,0,
P00474,U00139,Happy birthday to my best friend! 🎂 https://www.360sklep.pl/verification/package/usps/,https://www.360sklep.pl/verification/package/usps/,2025-02-19 06:30:32,0,
P00475,U00035,Here is my latest blog post http://1636365.com/assets/@vue.503ff477.js/assets/@intlify.595663c5.js/assets/@floating-ui.4bc9703a.js/assets/,,2025-11-11 05:49:32,0,
P00476,U00316,Throwback to last summer's trip http://www.myliveservise.co.in,http://www.myliveservise.co.in,2025-11-11 16:17:32,0,
P00477,U00164,URGENT: Your account has been compromised. Click here to verify: https://www.supatx.com,https://www.supatx.com,2026-08-15 13:22:32,1,
P00478,U00497,Can't believe it's already Friday! http://www.domauvolgi.ru,,2026-06-06 06:48:32,0,
P00479,U00372,URGENT: Your account has been compromised. Click here to verify: https://www.meaningfullife.com,https://www.meaningfullife.com,2026-08-14 12:47:32,1,
P00480,U00111,Great coffee at the new cafe downtown https://dev-delivsystnupsuproc.pantheonsite.io/us/usp/ca/info/jirka/gozami3.php,,2021-11-30 05:06:32,0,
P00481,U00190,Throwback to last summer's trip https://maw-427-v.web.app/,https://maw-427-v.web.app/,2018-10-24 13:35:32,0,
P00482,U00384,Anyone know a good restaurant around here? https://techcorps.in/wp-content/uploads/2023/04/ak47/fd1fb327075c89b/login.php?lca,https://techcorps.in/wp-content/uploads/2023/04/ak47/fd1fb327075c89b/login.php?lca,2026-06-21 06:07:32,0,
P00483,U00278,New recipe turned out amazing! https://bafybeia6fhvy2qxgdpxbwimbjbkwh6bznj3bonuyj2vdkrbk2c55o4payi.ipfs.infura-ipfs.io/,,2024-08-04 07:59:32,0,
P00484,U00418,Just watched an amazing documentary about {} {} https://bakq-6ee12.firebaseapp.com/,,2026-08-05 11:07:32,0,
P00485,U00197,Throwback to last summer's trip http://clockurl.com/qjt,http://clockurl.com/qjt,2023-11-08 15:54:32,0,
P00486,U00376,Can't believe it's already Friday! http://www.uka.me,http://www.uka.me,2020-10-12 17:43:32,0,
P00487,U00348,Happy birthday to my best friend! 🎂 https://cloudflare-ipfs.com/ipfs/bafybeiegcqbwifd7egqah32ubyoajd3iqsmeqcyn6w36iyx25mwh633en4//index.html,,2026-04-20 04:46:32,0,
P00488,U00021,Warning! Unauthorized access detected. Secure your account: https://www.dolphin-ah.com,https://www.dolphin-ah.com,2026-08-08 23:16:32,1,
P00489,U00184,Check out this amazing article I found: http://www.bdcrqgonzmwuehky.nl,,2025-05-28 11:41:32,0,
P00490,U00166,Just had a great day at the park! http://www.minijob-duesseldorf.net,http://www.minijob-duesseldorf.net,2025-09-09 06:19:32,0,
P00491,U00404,Your payment of $500 is pending. Confirm here: https://www.scotch-whisky.org.uk,https://www.scotch-whisky.org.uk,2026-08-17 13:19:32,1,
P00492,U00243,https://www.youthquakemagazine.com Click the link to claim your reward!,https://www.youthquakemagazine.com,2026-08-06 12:41:32,1,
P00493,U00046,Great coffee at the new cafe downtown https://bbonlinex013.z32.web.core.windows.net/,https://bbonlinex013.z32.web.core.windows.net/,2025-07-24 18:53:32,0,
P00494,U00330,Anyone know a good restaurant around here? http://whatsmytexashomeworth.com/til/,http://whatsmytexashomeworth.com/til/,2023-08-15 11:48:32,0,
P00495,U00162,Interesting discussion at work about {} today {} http://attupdated2022.square.site/,,2019-05-26 03:05:32,0,
P00496,U00375,CONGRATULATIONS!!! You've been selected! Claim NOW: https://www.demonsaw.com,https://www.demonsaw.com,2026-08-16 16:32:32,1,
P00497,U00068,Working on a new project. Excited to share soon! https://c6f07ee8-bc10-4515-a0fd-29028b8099aa.id.repl.co,https://c6f07ee8-bc10-4515-a0fd-29028b8099aa.id.repl.co,2026-05-28 23:11:32,0,
P00498,U00150,Exclusive offer just for you! Don't miss out: https://www.metalclay.co.uk,https://www.metalclay.co.uk,2026-08-15 20:45:32,1,
P00499,U00165,Throwback to last summer's trip http://www.guiatvpro.com,,2025-01-30 18:58:32,0,
P00500,U00082,Loving the new update on this app. https://sites.google.com/view/newbtmissedcall/home,https://sites.google.com/view/newbtmissedcall/home,2025-11-19 10:28:32,0,
P00501,U00134,Interesting discussion at work about {} today {} https://parkenet-1317634057.cos.eu-frankfurt.myqcloud.com/parkenet.html,,2025-08-07 00:56:32,0,
P00502,U00259,Just watched an amazing documentary about {} {} http://www.al7koomh999.np-ip.info,,2024-07-19 14:17:32,0,
P00503,U00397,Just finished reading an incredible book. Highly recommend! https://arcelormittal-7c364.web.app/,,2023-01-11 15:52:32,0,
P00504,U00275,Just watched an amazing documentary about {} {} https://webapp325149.ip-198-58-122-121.cloudezapp.io/wp-admin/bg/dskbank/,https://webapp325149.ip-198-58-122-121.cloudezapp.io/wp-admin/bg/dskbank/,2025-07-24 22:13:32,0,
P00505,U00282,Anyone know a good restaurant around here? http://signin-att-com-101553.square.site/,,2023-06-15 04:30:32,0,
P00506,U00056,Warning! Unauthorized access detected. Secure your account: https://www.euractiv.ro,https://www.euractiv.ro,2026-08-12 17:52:32,1,
P00507,U00480,Anyone know a good restaurant around here? https://share.hsforms.com/1whluifnasr6s4ov9skogswd5n96,https://share.hsforms.com/1whluifnasr6s4ov9skogswd5n96,2025-08-17 13:44:32,0,
P00508,U00098,Can't believe it's already Friday! http://www.scoorpion.com,,2026-06-12 20:15:32,0,
P00509,U00336,New recipe turned out amazing! https://documentation004-service012.web.app/,,2025-02-24 19:12:32,0,
P00510,U00025,"IRS NOTICE: You owe $3,000 in taxes. Pay here: https://www.landmarkedu.com",https://www.landmarkedu.com,2026-08-16 19:11:32,1,
P00511,U00476,Beautiful sunset today! Feeling grateful 🌅 https://uphoeldiologineo.mystrikingly.com/,,2025-12-09 12:27:32,0,
P00512,U00031,Weekend vibes! Who else is relaxing today? http://www.s4tiva.com,,2021-12-18 03:06:32,0,
P00513,U00421,Working on a new project. Excited to share soon! http://www.demo004.space,,2026-03-03 15:52:32,0,
P00514,U00039,Beautiful sunset today! Feeling grateful 🌅 https://bafybeiai3z3i456cn25i7x7laemtf3g5mhd4lomkmypw5vnlquxnv7ti6u.ipfs.cf-ipfs.com/,,2023-09-19 11:50:32,0,
P00515,U00272,FREE Bitcoin giveaway! Send 0.1 ETH get 1 BTC back: https://www.avac.org,https://www.avac.org,2026-08-17 08:23:32,1,
P00516,U00291,Here is my latest blog post https://bafybeidddh67ap3oj5ivxmoglanwjmkrm5ixgbmdvjfnqdoxi2w4k4h3am.ipfs.infura-ipfs.io//gen.html,https://bafybeidddh67ap3oj5ivxmoglanwjmkrm5ixgbmdvjfnqdoxi2w4k4h3am.ipfs.infura-ipfs.io//gen.html,2023-06-30 15:21:32,0,
P00517,U00054,"IRS NOTICE: You owe $3,000 in taxes. Pay here: https://www.lexifi.com",https://www.lexifi.com,2026-08-07 00:12:32,1,
P00518,U00452,Can't believe it's already Friday! http://www.rd-divar.ga,http://www.rd-divar.ga,2026-02-28 09:21:32,0,
P00519,U00172,Here is my latest blog post http://www.uacmoscow.com,,2023-08-19 19:28:32,0,
P00520,U00462,Great coffee at the new cafe downtown https://wstgbvtcvhujpr0vngwr.firebaseapp.com/,https://wstgbvtcvhujpr0vngwr.firebaseapp.com/,2023-07-18 04:02:32,0,
P00521,U00391,Your package could not be delivered. Reschedule: https://www.acmgfoundation.org,https://www.acmgfoundation.org,2026-08-15 04:18:32,1,
P00522,U00279,Beautiful sunset today! Feeling grateful 🌅 http://tokens-ens.com,,2022-06-02 20:57:32,0,
P00523,U00184,Throwback to last summer's trip https://att-17-107989.square.site/,,2024-02-13 02:56:32,0,
P00524,U00145,Just had a great day at the park! http://www.iscelim.com,http://www.iscelim.com,2020-10-27 10:00:32,0,
P00525,U00153,Just finished reading an incredible book. Highly recommend! https://blazej.wietczaklukasz.pl/aiigro/email@example.com,,2026-01-10 04:55:32,0,
P00526,U00482,SECURITY ALERT: Verify your identity immediately: https://www.marchants.com,https://www.marchants.com,2026-08-13 11:54:32,1,
P00527,U00079,Anyone know a good restaurant around here? http://www.khalidj.ga,,2023-08-28 03:00:32,0,
P00528,U00119,SECURITY ALERT: Verify your identity immediately: https://www.csd.org.uk,https://www.csd.org.uk,2026-08-13 12:20:32,1,
P00529,U00469,Beautiful sunset today! Feeling grateful 🌅 https://bip787687355.webcindario.com,,2025-10-04 15:36:32,0,
P00530,U00088,New recipe turned out amazing! https://ib14.site-resgateacesso.co.ua/html/classico/index.shtm/,,2020-03-01 11:18:32,0,
P00531,U00019,Just watched an amazing documentary about {} {} http://www.h6686.cc,,2026-08-07 12:58:32,0,
P00532,U00178,Learning something new every day! {} {} https://docs.google.com/presentation/d/e/2pacx-1vtvupkt7rbni6iqwgfttessonb48wd2--n8oc-ryda8pkgblskenhjcf4nvftrkd8sko98g1xpfcakb/pub?start=false&loop=false&delayms=3000,,2026-01-16 11:01:32,0,
P00533,U00382,Just had a great day at the park! https://p3plvwcpnl500432.prod.phx3.secureserver.net/~x6azqsjpqp74/crons/de2/web/,https://p3plvwcpnl500432.prod.phx3.secureserver.net/~x6azqsjpqp74/crons/de2/web/,2024-11-05 18:32:32,0,
P00534,U00268,Check out this amazing article I found: http://www.kingalfredmotorservices.co.uk,http://www.kingalfredmotorservices.co.uk,2024-11-01 21:20:32,0,
P00535,U00257,Your payment of $500 is pending. Confirm here: https://www.santosha.com,https://www.santosha.com,2026-08-13 13:13:32,1,
P00536,U00201,IMPORTANT: Update your password now to avoid lockout: https://www.enssib.fr,https://www.enssib.fr,2026-08-14 20:24:32,1,
P00537,U00221,Happy birthday to my best friend! 🎂 http://www.kuerennkaycoato-co-jp.kuercnokayccata.zxvtuo.top/ai/?authenticated=true&amp;amp;amp;openid/gp/signin/x&amp;amp;i=a&amp;amp;oauth=m&amp;amp;i?ie=utf8&amp;amp;ref_=rhf_custrec_signin287a47fd84243299aecfebb052595f2596c7bbfc,http://www.kuerennkaycoato-co-jp.kuercnokayccata.zxvtuo.top/ai/?authenticated=true&amp;amp;amp;openid/gp/signin/x&amp;amp;i=a&amp;amp;oauth=m&amp;amp;i?ie=utf8&amp;amp;ref_=rhf_custrec_signin287a47fd84243299aecfebb052595f2596c7bbfc,2024-06-01 10:48:32,0,
P00538,U00243,You won a free iPhone! Claim your prize now: https://www.helencummins.com,https://www.helencummins.com,2026-07-31 02:40:32,1,
P00539,U00256,Learning something new every day! {} {} https://chckmailabig5.web.app/,,2024-06-15 16:48:32,0,
P00540,U00246,Interesting discussion at work about {} today {} http://43.153.192.86/interactivelogin?continue=https://accounts.google.com/?&amp;followup=https://accounts.google.com/?&amp;passive=1209600&amp;xrealip=107.178.236.1&amp;ifkv=awnoghcn3emhlcvzuwzhdn1o7nr1ze7s0xwxmo2k4z-cvygjp2p4qmd97jthzuw-dl0v087jau8x,,2025-07-07 23:31:32,0,
P00541,U00100,Interesting discussion at work about {} today {} https://allegrouloklnie.breakvigergisand.cf/?tranzakt39906&amp;selectedbank=7,https://allegrouloklnie.breakvigergisand.cf/?tranzakt39906&amp;selectedbank=7,2019-09-19 15:23:32,0,
P00542,U00036,Working on a new project. Excited to share soon! https://is.gd/smartbperweb,,2021-10-21 04:13:32,0,
P00543,U00045,Warning! Unauthorized access detected. Secure your account: https://www.mcqdb.com,https://www.mcqdb.com,2026-08-16 01:33:32,1,
P00544,U00164,"IRS NOTICE: You owe $3,000 in taxes. Pay here: https://www.lepereinc.com",https://www.lepereinc.com,2026-08-07 18:55:32,1,
P00545,U00086,Weekend vibes! Who else is relaxing today? https://ipfs.io/ipfs/bafybeibjaza7liprcmpwtjf2k4btvsyka4kfmauug5q6f2sikmlpz774uy/?filename=index.html#noc@protocol.ai,https://ipfs.io/ipfs/bafybeibjaza7liprcmpwtjf2k4btvsyka4kfmauug5q6f2sikmlpz774uy/?filename=index.html#noc@protocol.ai,2019-09-19 00:17:32,0,
P00546,U00022,Your payment of $500 is pending. Confirm here: https://www.fordhamilj.org,https://www.fordhamilj.org,2026-08-10 17:33:32,1,
P00547,U00372,Login to your bank account immediately to prevent suspension: https://www.theborneopost.com,https://www.theborneopost.com,2026-08-15 15:53:32,1,
P00548,U00317,Anyone know a good restaurant around here? https://classic-sakray.com/,,2025-10-27 14:35:32,0,
P00549,U00056,LIMITED TIME: 90% OFF everything! Shop now: https://www.europanet.com.br,https://www.europanet.com.br,2026-08-13 23:55:32,1,
P00550,U00378,Interesting discussion at work about {} today {} http://www.kommesantor.com,,2025-06-10 08:22:32,0,
P00551,U00132,Interesting discussion at work about {} today {} http://www.44jjkk.com,,2023-12-01 19:10:32,0,
P00552,U00355,Just had a great day at the park! http://www.sena-iren.cf,,2025-07-27 19:59:32,0,
P00553,U00022,SECURITY ALERT: Verify your identity immediately: https://www.revelrypartyco.com,https://www.revelrypartyco.com,2026-08-12 13:38:32,1,
P00554,U00356,Working on a new project. Excited to share soon! http://www.shopcamacci.com,,2026-05-01 00:15:32,0,
P00555,U00034,Just watched an amazing documentary about {} {} http://www.dhn.pplink.club,,2025-09-13 06:14:32,0,
P00556,U00337,Weekend vibes! Who else is relaxing today? https://dbswepay.life/,https://dbswepay.life/,2021-10-12 11:55:32,0,
P00557,U00452,Just watched an amazing documentary about {} {} https://networksolutions-fd.web.app/,,2025-12-24 02:24:32,0,
P00558,U00050,Great coffee at the new cafe downtown http://www.acequeen20.net,http://www.acequeen20.net,2025-04-07 19:22:32,0,
P00559,U00101,Morning run done! Feeling energized 💪 https://desmambichan.com/security-check/signin,,2024-01-22 20:57:32,0,
P00560,U00020,Just finished reading an incredible book. Highly recommend! http://www.vpsp.ru,http://www.vpsp.ru,2023-08-29 05:35:32,0,
P00561,U00381,Here is my latest blog post http://skinbaron.app,http://skinbaron.app,2026-06-03 03:13:32,0,
P00562,U00320,Happy birthday to my best friend! 🎂 https://help-id-fb-20168286117.firebaseapp.com/,,2025-12-18 22:39:32,0,
P00563,U00320,Working on a new project. Excited to share soon! http://metawalletss.com/,,2025-07-17 14:21:32,0,
P00564,U00115,https://www.sora.org Click the link to claim your reward!,https://www.sora.org,2026-08-15 02:14:32,1,
P00565,U00373,FREE Bitcoin giveaway! Send 0.1 ETH get 1 BTC back: https://www.habitusmag.com,https://www.habitusmag.com,2026-08-08 17:17:32,1,
P00566,U00351,Just finished reading an incredible book. Highly recommend! https://organisasi.bulungan.go.id/public/tl8tp8hpg0z1e2wgezjgt8jh09xnq4vp,https://organisasi.bulungan.go.id/public/tl8tp8hpg0z1e2wgezjgt8jh09xnq4vp,2021-12-12 07:20:32,0,
P00567,U00496,Happy birthday to my best friend! 🎂 http://www.7.tdslsd.ru,http://www.7.tdslsd.ru,2025-09-14 00:22:32,0,
P00568,U00334,Anyone know a good restaurant around here? https://sicredi.cooperativaprotegidapj.com/,,2024-12-30 21:13:32,0,
P00569,U00441,Anyone know a good restaurant around here? http://www.srl.vghyo.com,,2023-02-28 16:11:32,0,
P00570,U00465,Anyone know a good restaurant around here? https://attemailverificationadminupgra.godaddysites.com/,,2026-04-29 10:15:32,0,
P00571,U00469,Here is my latest blog post http://www.okboobs.com,,2023-01-25 12:21:32,0,
P00572,U00368,Can't believe it's already Friday! http://www.benchmarkcreative.com.au,,2024-07-24 04:03:32,0,
P00573,U00372,URGENT: Your account has been compromised. Click here to verify: https://www.heyokamagazine.com,https://www.heyokamagazine.com,2026-08-12 01:30:32,1,
P00574,U00381,Working on a new project. Excited to share soon! http://www.binousgroup.nut.cc,http://www.binousgroup.nut.cc,2024-12-03 08:50:32,0,
P00575,U00013,SECURITY ALERT: Verify your identity immediately: https://www.theheartradio.org,https://www.theheartradio.org,2026-07-28 20:17:32,1,
P00576,U00118,Just finished reading an incredible book. Highly recommend! https://project-6516846.firebaseapp.com/,https://project-6516846.firebaseapp.com/,2024-09-13 14:34:32,0,
P00577,U00399,New recipe turned out amazing! https://att-103460.weeblysite.com/,,2025-02-13 22:02:32,0,
P00578,U00364,Weekend vibes! Who else is relaxing today? http://www.jsc777.com,http://www.jsc777.com,2025-08-06 02:25:32,0,
P00579,U00083,CONGRATULATIONS!!! You've been selected! Claim NOW: https://www.frankfurter-hof-mainz.de,https://www.frankfurter-hof-mainz.de,2026-08-14 13:30:32,1,
P00580,U00007,Working on a new project. Excited to share soon! http://www.rediwatt.com,,2025-12-17 01:42:32,0,
P00581,U00103,Beautiful sunset today! Feeling grateful 🌅 http://www.p12.2018fly.com,,2026-04-04 08:57:32,0,
P00582,U00224,New recipe turned out amazing! http://u1965047.plsk.regruhosting.ru/165/,http://u1965047.plsk.regruhosting.ru/165/,2026-02-22 04:01:32,0,
P00583,U00126,Your package could not be delivered. Reschedule: https://www.babydoll-direct.com,https://www.babydoll-direct.com,2026-08-14 13:18:32,1,
P00584,U00194,Great coffee at the new cafe downtown http://www.b1wr1337.zzz.com.ua,,2024-05-31 19:09:32,0,
P00585,U00274,You won a free iPhone! Claim your prize now: https://www.blythedoll.com,https://www.blythedoll.com,2026-08-17 00:27:32,1,
P00586,U00021,Your payment of $500 is pending. Confirm here: https://www.sundaymail.co.zw,,2026-07-31 21:31:32,1,
P00587,U00020,Interesting discussion at work about {} today {} http://www.galaxydigitel.com,,2024-06-14 22:08:32,0,
P00588,U00025,CONGRATULATIONS!!! You've been selected! Claim NOW: https://www.zabars.com,https://www.zabars.com,2026-08-16 00:31:32,1,
P00589,U00396,LIMITED TIME: 90% OFF everything! Shop now: https://www.webofmimicry.com,https://www.webofmimicry.com,2026-08-14 09:29:32,1,
P00590,U00470,Check out this amazing article I found: http://www.hoahong.info,,2025-10-30 00:03:32,0,
P00591,U00046,Morning run done! Feeling energized 💪 http://96464601641416.hyperphp.com/,,2026-06-21 09:07:32,0,
P00592,U00457,Interesting discussion at work about {} today {} http://pancakeprize.com/,http://pancakeprize.com/,2026-06-09 02:30:32,0,
P00593,U00012,Here is my latest blog post https://ourtime.people-mediia.workers.dev/,,2025-12-27 19:59:32,0,
P00594,U00103,Throwback to last summer's trip https://kakunin.azoutan-wiaancn.icu/,,2026-02-14 06:36:32,0,
P00595,U00464,Hot singles in your area want to meet you! https://www.czc.cz,https://www.czc.cz,2026-08-16 12:49:32,1,
P00596,U00324,Weekend vibes! Who else is relaxing today? https://gateway.ipfs.io/ipfs/bafybeihtcqsvmd6zwbg2mqmebpxildep5iy2duohhenfpcosmqibe6ycm4/link.html,https://gateway.ipfs.io/ipfs/bafybeihtcqsvmd6zwbg2mqmebpxildep5iy2duohhenfpcosmqibe6ycm4/link.html,2026-07-04 22:11:32,0,
P00597,U00405,Morning run done! Feeling energized 💪 http://www.bbmsync2727.com,,2023-03-13 09:32:32,0,
P00598,U00022,Hot singles in your area want to meet you! https://www.justinalexander.com,https://www.justinalexander.com,2026-08-06 20:01:32,1,
P00599,U00076,Here is my latest blog post http://www.divar-appex.ml,,2026-07-30 09:07:32,0,
P00600,U00214,Happy birthday to my best friend! 🎂 https://flyhightotheskylikeabird.weeblysite.com/,,2024-11-21 15:07:32,0,
P00601,U00147,Here is my latest blog post http://www.imkjhdbdg.cf,http://www.imkjhdbdg.cf,2026-04-19 10:44:32,0,
P00602,U00391,SECURITY ALERT: Verify your identity immediately: https://www.prisblossom.com,https://www.prisblossom.com,2026-08-17 00:25:32,1,
P00603,U00278,Just had a great day at the park! http://www.bucketlistadvtours.com,http://www.bucketlistadvtours.com,2019-10-22 23:41:32,0,
P00604,U00337,New recipe turned out amazing! https://ellipticalrecentpiracy.dayana09430.repl.co/,https://ellipticalrecentpiracy.dayana09430.repl.co/,2024-01-31 01:28:32,0,
P00605,U00307,Just had a great day at the park! http://att-mailerservr34.square.site/,,2025-04-02 21:39:32,0,
P00606,U00285,Beautiful sunset today! Feeling grateful 🌅 https://kliukjrr.top/all/login.php?idsmt=10123005600&nextfunck=10130550000,https://kliukjrr.top/all/login.php?idsmt=10123005600&nextfunck=10130550000,2026-01-29 09:47:32,0,
P00607,U00178,Check out this amazing article I found: https://maildinshaakckjnw19.firebaseapp.com/,,2026-06-04 13:14:32,0,
P00608,U00308,Happy birthday to my best friend! 🎂 http://www.web-design.review,http://www.web-design.review,2025-09-12 12:53:32,0,
P00609,U00091,Here is my latest blog post https://laboratoriosantarosa.site/,,2022-11-10 05:17:32,0,
P00610,U00358,Interesting discussion at work about {} today {} http://dev-panel-de-actualizacionitauonline.pantheonsite.io/,,2025-08-19 00:09:32,0,
P00611,U00476,Check out this amazing article I found: http://www.gconsultingfirm.com,http://www.gconsultingfirm.com,2026-07-01 05:36:32,0,
P00612,U00194,Loving the new update on this app. https://steam.guesskings.com/profiles/76561199240493541/stats/221100/achievements/,,2022-05-17 01:03:32,0,
P00613,U00149,New recipe turned out amazing! http://www.ftp.binance.com,,2025-02-12 11:12:32,0,
P00614,U00168,Morning run done! Feeling energized 💪 https://att-mail-106107.square.site/,,2024-04-21 22:43:32,0,
P00615,U00313,Check out this amazing article I found: https://file.purchasedoc.workers.dev/,,2026-01-05 20:10:32,0,
P00616,U00270,Loving the new update on this app. http://www.paccoin.net,,2023-11-30 15:12:32,0,
P00617,U00403,Happy birthday to my best friend! 🎂 http://www.dro.soxx.us,http://www.dro.soxx.us,2021-11-01 19:02:32,0,
P00618,U00269,Weekend vibes! Who else is relaxing today? http://www.microsoft-update.bid,http://www.microsoft-update.bid,2025-03-03 19:20:32,0,
P00619,U00373,Exclusive offer just for you! Don't miss out: https://www.destinchamber.com,https://www.destinchamber.com,2026-08-10 09:00:32,1,
P00620,U00362,LIMITED TIME: 90% OFF everything! Shop now: https://www.rustonleader.com,https://www.rustonleader.com,2026-08-11 14:49:32,1,
P00621,U00320,Can't believe it's already Friday! https://aol-mail-106257.weeblysite.com/,https://aol-mail-106257.weeblysite.com/,2026-01-16 19:30:32,0,
P00622,U00170,"IRS NOTICE: You owe $3,000 in taxes. Pay here: https://www.sharecast.com",https://www.sharecast.com,2026-08-17 14:16:32,1,
P00623,U00144,Working on a new project. Excited to share soon! https://tribelio.page/pageconfirm?report,,2026-04-01 05:37:32,0,
P00624,U00165,Just had a great day at the park! https://which0x0029.web.app/,https://which0x0029.web.app/,2025-12-26 17:35:32,0,
P00625,U00370,Just had a great day at the park! https://89e24352-f0e1-4cc5-a8f7-6e6a26a5364d.id.repl.co/,,2024-08-28 08:35:32,0,
P00626,U00472,Exclusive offer just for you! Don't miss out: https://www.lawcareers.net,https://www.lawcareers.net,2026-08-10 13:15:32,1,
P00627,U00079,Throwback to last summer's trip https://pigster70.wixsite.com/my-site,,2022-11-14 00:06:32,0,
P00628,U00475,You won a free iPhone! Claim your prize now: https://www.ncnk.org,https://www.ncnk.org,2026-08-01 05:20:32,1,
P00629,U00161,URGENT: Your account has been compromised. Click here to verify: https://www.derrypl.org,https://www.derrypl.org,2026-08-13 20:13:32,1,
P00630,U00469,Weekend vibes! Who else is relaxing today? http://www.antivirstrong.com,,2025-11-19 10:39:32,0,
P00631,U00173,Just watched an amazing documentary about {} {} http://www.vhidsofs.ga,http://www.vhidsofs.ga,2024-10-06 20:18:32,0,
P00632,U00304,Warning! Unauthorized access detected. Secure your account: https://www.thefreedomtrail.org,https://www.thefreedomtrail.org,2026-08-12 16:02:32,1,
P00633,U00016,Working on a new project. Excited to share soon! http://www.malcolmo.cf,,2025-06-20 12:25:32,0,
P00634,U00190,Throwback to last summer's trip http://attloginpage7788.square.site/,http://attloginpage7788.square.site/,2023-03-27 08:23:32,0,
P00635,U00057,Weekend vibes! Who else is relaxing today? https://vinted.5712222.xyz/ncyawh87/ijke1o/7,https://vinted.5712222.xyz/ncyawh87/ijke1o/7,2026-06-02 07:58:32,0,
P00636,U00259,Just had a great day at the park! http://www.amazcecm-co-jp.amazaeon.chashenfen.top,http://www.amazcecm-co-jp.amazaeon.chashenfen.top,2021-03-19 22:47:32,0,
P00637,U00472,Exclusive offer just for you! Don't miss out: https://www.mydreamgarden.in,https://www.mydreamgarden.in,2026-08-09 05:07:32,1,
P00638,U00393,Can't believe it's already Friday! https://anetasucova.cz/wp-content/plugins/topxoh/ohi/index.html,,2025-06-22 22:13:32,0,
P00639,U00105,Check out this amazing article I found: https://facebookcenter100091283981.web.app/,,2021-06-23 02:11:32,0,
P00640,U00059,Just had a great day at the park! http://www.veranista.com,,2024-11-19 13:13:32,0,
P00641,U00446,Loving the new update on this app. https://sfuyvfj2w.firebaseapp.com/,https://sfuyvfj2w.firebaseapp.com/,2024-10-04 00:00:32,0,
P00642,U00266,Happy birthday to my best friend! 🎂 http://www.tanaadd.info,http://www.tanaadd.info,2026-07-24 20:08:32,0,
P00643,U00456,Beautiful sunset today! Feeling grateful 🌅 http://www.web44.net,http://www.web44.net,2024-10-29 08:44:32,0,
P00644,U00272,Your Netflix account will be suspended. Update payment: https://www.goslar.de,https://www.goslar.de,2026-08-15 17:49:32,1,
P00645,U00080,Working on a new project. Excited to share soon! http://www.tengfeiwanka.com,,2025-12-26 14:17:32,0,
P00646,U00052,Beautiful sunset today! Feeling grateful 🌅 http://yijvyolkwy.fly04wuk.club/vnafvra97w/?q=3717065149&id=100,http://yijvyolkwy.fly04wuk.club/vnafvra97w/?q=3717065149&id=100,2023-08-02 03:21:32,0,
P00647,U00072,Happy birthday to my best friend! 🎂 http://www.queguayperu.com,http://www.queguayperu.com,2025-01-07 07:46:32,0,
P00648,U00313,Great coffee at the new cafe downtown http://6e9936e6.bakerstreetfinance.tv/?pa.php=6e9936e6&serv=e2614,http://6e9936e6.bakerstreetfinance.tv/?pa.php=6e9936e6&serv=e2614,2023-08-06 00:53:32,0,
P00649,U00241,Check out this amazing article I found: https://dev-portaalocciiidentelina.pantheonsite.io/,https://dev-portaalocciiidentelina.pantheonsite.io/,2026-01-13 02:53:32,0,
P00650,U00200,Here is my latest blog post http://www.cedsxoisslv2nim.club,,2023-04-14 20:16:32,0,
P00651,U00358,Throwback to last summer's trip http://www.tambira.in,http://www.tambira.in,2023-03-04 03:37:32,0,
P00652,U00101,Interesting discussion at work about {} today {} http://www.yix.com,http://www.yix.com,2026-03-10 00:20:32,0,
P00653,U00416,Throwback to last summer's trip http://www.servegame.com,,2026-05-10 00:37:32,0,
P00654,U00363,Throwback to last summer's trip https://mougoulinbanque.firebaseapp.com/,https://mougoulinbanque.firebaseapp.com/,2023-12-28 07:42:32,0,
P00655,U00458,Working on a new project. Excited to share soon! https://dev-occidemascotas.pantheonsite.io/confirm.php?regh=,,2022-07-21 02:45:32,0,
P00656,U00340,Great coffee at the new cafe downtown http://www.londonphotoworkshops.co.uk,http://www.londonphotoworkshops.co.uk,2024-06-01 04:27:32,0,
P00657,U00033,New recipe turned out amazing! https://ipfs.eth.aragon.network/ipfs/bafybeigwpqqjgyocoaiuhowed57gaex55zpyznldmd6m7y5q2ym7kzgisi,https://ipfs.eth.aragon.network/ipfs/bafybeigwpqqjgyocoaiuhowed57gaex55zpyznldmd6m7y5q2ym7kzgisi,2026-06-21 03:26:32,0,
P00658,U00087,Happy birthday to my best friend! 🎂 https://isdend.weeblysite.com/,,2022-04-28 03:18:32,0,
P00659,U00260,Can't believe it's already Friday! http://asxexchange.com,http://asxexchange.com,2024-05-08 16:06:32,0,
P00660,U00284,Login to your bank account immediately to prevent suspension: https://www.woolbaa.com.au,https://www.woolbaa.com.au,2026-08-12 21:27:32,1,
P00661,U00211,Just finished reading an incredible book. Highly recommend! https://trophterra.tk/164bd?x,https://trophterra.tk/164bd?x,2023-02-23 07:21:32,0,
P00662,U00246,Just watched an amazing documentary about {} {} https://aavev3-reward.com/,,2026-04-04 04:43:32,0,
P00663,U00302,Learning something new every day! {} {} https://bafybeigdcfxwvcb36mrnc3qqp4gqqhm3sthrpqpi3pvl457neuqikssl4a.ipfs.dweb.link/index.html,https://bafybeigdcfxwvcb36mrnc3qqp4gqqhm3sthrpqpi3pvl457neuqikssl4a.ipfs.dweb.link/index.html,2024-03-08 20:06:32,0,
P00664,U00355,Just finished reading an incredible book. Highly recommend! http://www.fergusoncoinvoicing.com,http://www.fergusoncoinvoicing.com,2026-02-20 17:14:32,0,
P00665,U00476,New recipe turned out amazing! http://walleetconnected.iceiy.com,http://walleetconnected.iceiy.com,2026-06-19 20:18:32,0,
P00666,U00284,Warning! Unauthorized access detected. Secure your account: https://www.sportfoto.com,,2026-08-10 09:37:32,1,
P00667,U00035,Can't believe it's already Friday! https://att-mail-107285.square.site/,,2024-07-02 04:25:32,0,
P00668,U00031,Loving the new update on this app. https://secondagilegames.889212.repl.co/,,2024-03-09 10:00:32,0,
P00669,U00386,Just had a great day at the park! https://lnicioerlineaennpresasscoltiaperu.com,https://lnicioerlineaennpresasscoltiaperu.com,2024-12-24 17:47:32,0,
P00670,U00149,Just watched an amazing documentary about {} {} http://www.iipl.com,,2021-08-12 08:43:32,0,
P00671,U00162,Happy birthday to my best friend! 🎂 http://www.shinwonbook.co.kr,,2020-03-25 17:37:32,0,
P00672,U00479,Learning something new every day! {} {} https://sjgvj4uwx.firebaseapp.com/,https://sjgvj4uwx.firebaseapp.com/,2022-10-07 12:19:32,0,
P00673,U00261,FREE Bitcoin giveaway! Send 0.1 ETH get 1 BTC back: https://www.torahvodaath.org,https://www.torahvodaath.org,2026-08-17 05:53:32,1,
P00674,U00281,You won a free iPhone! Claim your prize now: https://www.preventaccreta.org,https://www.preventaccreta.org,2026-08-16 16:21:32,1,
P00675,U00183,Can't believe it's already Friday! http://www.rakcten-card.hfujsen.cn/,http://www.rakcten-card.hfujsen.cn/,2025-11-02 14:41:32,0,
P00676,U00302,Just watched an amazing documentary about {} {} https://aol-109359.weeblysite.com/,https://aol-109359.weeblysite.com/,2023-02-14 04:11:32,0,
P00677,U00195,Learning something new every day! {} {} http://www.cloudanydesk.com,http://www.cloudanydesk.com,2025-02-05 08:14:32,0,
P00678,U00071,CONGRATULATIONS!!! You've been selected! Claim NOW: https://www.nattynaturals.com,https://www.nattynaturals.com,2026-08-09 02:03:32,1,
P00679,U00430,Your package could not be delivered. Reschedule: https://www.ipurse.com,https://www.ipurse.com,2026-08-16 05:01:32,1,
P00680,U00068,Just had a great day at the park! https://precioustalkativecertifications.reppro.repl.co/,https://precioustalkativecertifications.reppro.repl.co/,2026-03-23 18:55:32,0,
P00681,U00453,New recipe turned out amazing! https://doximex.vn/wp-includes/ppouo/index.php,https://doximex.vn/wp-includes/ppouo/index.php,2025-05-27 10:51:32,0,
P00682,U00412,Learning something new every day! {} {} https://ipfs.io/ipfs/bafybeiht2kcpufip35frbrquvvo2qha4iudrtmg6q3hloimkn7apuxso6q/info.deeadro_onedrive54650.html,,2021-07-06 16:18:32,0,
P00683,U00319,Here is my latest blog post http://www.davids.club,,2025-12-27 22:29:32,0,
P00684,U00230,Just watched an amazing documentary about {} {} http://www.a5mfcu.firebaseapp.com,http://www.a5mfcu.firebaseapp.com,2024-08-20 07:45:32,0,
P00685,U00003,New recipe turned out amazing! https://is.gd/bnl_02,https://is.gd/bnl_02,2026-07-17 16:24:32,0,
P00686,U00474,Interesting discussion at work about {} today {} https://serviceadhelpmeta.firebaseapp.com/,,2025-08-07 13:54:32,0,
P00687,U00360,Weekend vibes! Who else is relaxing today? http://www.brandtrading.net,,2025-05-10 20:26:32,0,
P00688,U00040,https://www.holidaycottagecompare.com Click the link to claim your reward!,,2026-08-14 15:23:32,1,
P00689,U00384,Working on a new project. Excited to share soon! http://www.ooroollino.com,,2025-04-27 22:51:32,0,
P00690,U00312,Login to your bank account immediately to prevent suspension: https://www.socialscienceregistry.org,https://www.socialscienceregistry.org,2026-08-15 23:16:32,1,
P00691,U00491,Loving the new update on this app. http://www.5crnimo.cn,,2019-07-09 21:05:32,0,
P00692,U00313,Check out this amazing article I found: https://update-forms-reports.myportfolio.com/,,2021-07-24 04:22:32,0,
P00693,U00240,Throwback to last summer's trip https://raredullwebsphere--herokucuenta1.repl.co/,,2025-03-10 23:20:32,0,
P00694,U00215,"IRS NOTICE: You owe $3,000 in taxes. Pay here: https://www.petcamp.com",https://www.petcamp.com,2026-08-13 05:46:32,1,
P00695,U00472,LIMITED TIME: 90% OFF everything! Shop now: https://www.chainsawchick.com,https://www.chainsawchick.com,2026-08-08 06:53:32,1,
P00696,U00296,Here is my latest blog post http://www.townsvillelawnservice.com,,2023-06-01 13:14:32,0,
P00697,U00414,Just had a great day at the park! http://www.sana-apk-ir.ml,http://www.sana-apk-ir.ml,2025-10-27 23:51:32,0,
P00698,U00039,Working on a new project. Excited to share soon! https://es.ingdirect-inicios.com/home,https://es.ingdirect-inicios.com/home,2025-03-19 10:17:32,0,
P00699,U00439,Working on a new project. Excited to share soon! http://www.proudseas.com,,2026-06-19 15:49:32,0,
P00700,U00465,Anyone know a good restaurant around here? https://biopeptid.qmrbioscan.com/error404/cc.php,https://biopeptid.qmrbioscan.com/error404/cc.php,2026-04-25 03:05:32,0,
P00701,U00400,Just finished reading an incredible book. Highly recommend! https://newworldcurrentlyattupdateyahooserver.square.site/,,2025-04-08 09:05:32,0,
P00702,U00016,Great coffee at the new cafe downtown http://www.kaztorka.in,,2026-05-23 10:18:32,0,
P00703,U00078,Exclusive offer just for you! Don't miss out: https://www.oldcopper.org,https://www.oldcopper.org,2026-08-14 02:41:32,1,
P00704,U00371,Hot singles in your area want to meet you! https://www.dgdigital.in,https://www.dgdigital.in,2026-08-10 20:10:32,1,
P00705,U00027,Working on a new project. Excited to share soon! http://www.atlantadomain.com,http://www.atlantadomain.com,2024-07-05 11:53:32,0,
P00706,U00204,New recipe turned out amazing! http://www.saisonoard.co.jp.50gb178.xyz/,,2026-03-15 23:09:32,0,
P00707,U00472,Your payment of $500 is pending. Confirm here: https://www.historichouses.org,https://www.historichouses.org,2026-08-10 17:11:32,1,
P00708,U00134,Anyone know a good restaurant around here? http://dkb-sicherheitsabteilung.site44.com,http://dkb-sicherheitsabteilung.site44.com,2025-02-20 01:56:32,0,
P00709,U00408,Throwback to last summer's trip http://www.mailukr.net,,2022-05-05 17:36:32,0,
P00710,U00349,You won a free iPhone! Claim your prize now: https://www.mosaicmadeeasy.com,https://www.mosaicmadeeasy.com,2026-08-15 21:16:32,1,
P00711,U00432,Learning something new every day! {} {} http://43.159.37.67/v3/signin/identifier?dsh=s1443351740:1680169649253834&amp;followup=https://accounts.google.com/?&amp;ifkv=aqmjq7skentgciuaf7o3ylaho_vit_68qy_twhg2ywuysapl1isbtl0en2neriau9gmkneodctul&amp;passive=1209600&amp;xrealip=35.203.245.120&amp;continue=https://accounts.google.com/?&amp;xrealip=185.213.155.161&amp;flowname=glifwebsignin&amp;flowentry=servicelogin&amp;ifkv=aqmjq7scbljk_guw28rq5md1om1bghaffj7xqd5a14msq-gpxmyogdijw-nsrqh8wssyv1yambfm,http://43.159.37.67/v3/signin/identifier?dsh=s1443351740:1680169649253834&amp;followup=https://accounts.google.com/?&amp;ifkv=aqmjq7skentgciuaf7o3ylaho_vit_68qy_twhg2ywuysapl1isbtl0en2neriau9gmkneodctul&amp;passive=1209600&amp;xrealip=35.203.245.120&amp;continue=https://accounts.google.com/?&amp;xrealip=185.213.155.161&amp;flowname=glifwebsignin&amp;flowentry=servicelogin&amp;ifkv=aqmjq7scbljk_guw28rq5md1om1bghaffj7xqd5a14msq-gpxmyogdijw-nsrqh8wssyv1yambfm,2023-07-28 04:39:32,0,
P00712,U00050,Working on a new project. Excited to share soon! https://mail-102664.square.site/,https://mail-102664.square.site/,2024-10-15 20:31:32,0,
P00713,U00345,Just finished reading an incredible book. Highly recommend! http://catalogojitanjafora.org/pmb/alert/ciudad/iniciosesion.php,,2024-07-26 17:19:32,0,
P00714,U00266,Great coffee at the new cafe downtown https://ipfs.io/ipfs/qmvyaz6tfq6ncphcgbwyfwdgjbqbcpxjatpq2evcmnujpf/,https://ipfs.io/ipfs/qmvyaz6tfq6ncphcgbwyfwdgjbqbcpxjatpq2evcmnujpf/,2024-09-22 16:45:32,0,
P00715,U00005,Just had a great day at the park! https://checkpoint-874268901.netlify.app/captcha.html,https://checkpoint-874268901.netlify.app/captcha.html,2026-01-17 12:56:32,0,
P00716,U00268,Can't believe it's already Friday! http://www.proxyunlock.com,http://www.proxyunlock.com,2022-10-14 00:34:32,0,
P00717,U00145,Working on a new project. Excited to share soon! https://bit.ly/3fqrmj6,,2024-06-18 13:55:32,0,
P00718,U00029,CONGRATULATIONS!!! You've been selected! Claim NOW: https://www.arsecret.ru,https://www.arsecret.ru,2026-08-07 18:49:32,1,
P00719,U00061,Loving the new update on this app. https://pacedevelopers.com/wp-content/login/page/index.php,,2025-10-12 10:32:32,0,
P00720,U00460,Here is my latest blog post http://www.cdd.purpledaily.com,http://www.cdd.purpledaily.com,2026-01-01 16:45:32,0,
P00721,U00239,Loving the new update on this app. http://jppostui.com,,2023-01-16 23:57:32,0,
P00722,U00393,Learning something new every day! {} {} https://maxydor.com/wp-admin/inmueble.272479217/,,2025-08-27 17:07:32,0,
P00723,U00131,Here is my latest blog post https://asdx2w-ug3kdw45aa-uc.a.run.app,,2022-04-02 12:39:32,0,
P00724,U00195,Just watched an amazing documentary about {} {} http://www.servesarcasm.com,,2025-09-11 13:40:32,0,
P00725,U00135,Here is my latest blog post https://irenicpublications.com.au/?gclid=eaiaiqobchmi7lg-z7yx_qivbz6rch34qauyeaayasaaegjwtfd_bwe,,2026-04-27 12:25:32,0,
P00726,U00102,Just watched an amazing documentary about {} {} https://s3.amazonaws.com/appforest_uf/f1679603848438x751074113531085800/t-90678871113%20%281%29.html#3mail@b.c,https://s3.amazonaws.com/appforest_uf/f1679603848438x751074113531085800/t-90678871113%20%281%29.html#3mail@b.c,2024-08-16 18:25:32,0,
P00727,U00276,Learning something new every day! {} {} https://psd.185-174-136-74.cprapid.com/agricol./,https://psd.185-174-136-74.cprapid.com/agricol./,2024-03-05 19:15:32,0,
P00728,U00226,SECURITY ALERT: Verify your identity immediately: https://www.swimmingworldmagazine.com,https://www.swimmingworldmagazine.com,2026-08-16 13:52:32,1,
P00729,U00372,SECURITY ALERT: Verify your identity immediately: https://www.eilj.com,https://www.eilj.com,2026-08-10 13:59:32,1,
P00730,U00334,Just had a great day at the park! http://www.intex.ru,http://www.intex.ru,2026-07-09 17:32:32,0,
P00731,U00358,Great coffee at the new cafe downtown https://yellow-rice-9ac5.wrqnttvts9487.workers.dev/,,2024-06-06 20:56:32,0,
P00732,U00481,New recipe turned out amazing! http://www.86579.net,,2025-04-15 01:31:32,0,
P00733,U00399,Loving the new update on this app. http://www.sv.blocktrail.com,http://www.sv.blocktrail.com,2020-07-27 07:56:32,0,
P00734,U00352,Exclusive offer just for you! Don't miss out: https://www.brycefastener.com,https://www.brycefastener.com,2026-08-16 20:22:32,1,
P00735,U00183,Great coffee at the new cafe downtown https://aol-109190.weeblysite.com/,https://aol-109190.weeblysite.com/,2024-09-18 05:31:32,0,
P00736,U00490,Login to your bank account immediately to prevent suspension: https://www.emcins.com,,2026-08-11 21:02:32,1,
P00737,U00041,Throwback to last summer's trip http://www.mnc.ohnwy.com,http://www.mnc.ohnwy.com,2026-03-21 18:44:32,0,
P00738,U00020,Just watched an amazing documentary about {} {} http://www.melodyt.cf,,2022-12-03 08:37:32,0,
P00739,U00458,Can't believe it's already Friday! https://mail.deliverylifesupport.com/public/nlvwxraxuxu6ubxy2nfemd8btznbvqha,https://mail.deliverylifesupport.com/public/nlvwxraxuxu6ubxy2nfemd8btznbvqha,2019-07-21 16:34:32,0,
P00740,U00453,Throwback to last summer's trip https://upholdblogin.webflow.io/,https://upholdblogin.webflow.io/,2026-02-04 10:54:32,0,
P00741,U00368,Just finished reading an incredible book. Highly recommend! https://gateway.ipfs.io/ipfs/bafybeidgnvvd63ncankqv4676v3y5aleqb45jihtrrm4vjp2npbcnodoq4,,2021-02-21 02:52:32,0,
P00742,U00329,Happy birthday to my best friend! 🎂 http://mlkdqslmfkdsffdslfkjdlsfksdfm.blogspot.it/,,2023-10-28 21:03:32,0,
P00743,U00494,URGENT: Your account has been compromised. Click here to verify: https://www.fuersie.de,https://www.fuersie.de,2026-08-17 04:53:32,1,
P00744,U00369,Check out this amazing article I found: http://www.assecon.com.br,,2025-06-28 11:43:32,0,
P00745,U00341,Morning run done! Feeling energized 💪 http://43.153.192.86/interactivelogin?continue=https://accounts.google.com/?&amp;followup=https://accounts.google.com/?&amp;passive=1209600&amp;xrealip=107.178.239.221&amp;ifkv=awnoghes8pqfe1rps9qdvtwo5xlagjp1bjhg2hdqmaev7w2w8uuectavhff4wam3mv8sylttmraoag,,2021-06-26 17:01:32,0,
P00746,U00076,Just finished reading an incredible book. Highly recommend! https://webmailsyi.com/,https://webmailsyi.com/,2026-08-08 13:09:32,0,
P00747,U00334,Just had a great day at the park! https://yahvoomail1.godaddysites.com/,https://yahvoomail1.godaddysites.com/,2025-04-21 19:54:32,0,
P00748,U00332,Anyone know a good restaurant around here? https://893bbd2d-0788-4326-8dc3-7ec2aa887ded.id.repl.co,https://893bbd2d-0788-4326-8dc3-7ec2aa887ded.id.repl.co,2026-07-19 09:16:32,0,
P00749,U00157,Can't believe it's already Friday! https://o4sk2x.webwave.dev/,,2024-01-25 19:46:32,0,
P00750,U00032,Can't believe it's already Friday! https://fancy-hill-eb6d.hkyxkf.workers.dev/,,2026-04-22 23:18:32,0,
P00751,U00112,Loving the new update on this app. https://delevery05.web.app/,,2025-06-28 01:35:32,0,
P00752,U00377,Just watched an amazing documentary about {} {} https://yasssouadjanclecles.firebaseapp.com/,,2022-12-28 11:13:32,0,
P00753,U00070,Great coffee at the new cafe downtown http://www.clasite.com,http://www.clasite.com,2024-03-27 13:19:32,0,
P00754,U00032,Can't believe it's already Friday! http://www.bnetp.ewul.net,http://www.bnetp.ewul.net,2025-11-10 10:08:32,0,
P00755,U00356,Weekend vibes! Who else is relaxing today? http://www.proxify.biz,http://www.proxify.biz,2023-07-11 09:28:32,0,
P00756,U00297,Check out this amazing article I found: https://bafybeigs3lxwkmixbextvz3cefu6qqbyaw57ikcgbatf2uduheyh7og7gi.ipfs.dweb.link/213.html,,2025-11-17 11:06:32,0,
P00757,U00313,Just watched an amazing documentary about {} {} https://o2wa-oa33th-webs-dk3.s3.fr-par.scw.cloud/clientid%2525d33232e3esdw3232.html#user@example.org,,2022-04-08 09:55:32,0,
P00758,U00041,Just had a great day at the park! http://www.pcf08.com,http://www.pcf08.com,2026-08-14 08:57:32,0,
P00759,U00333,Happy birthday to my best friend! 🎂 https://ipfs.litnet.work/ipfs/bafybeiews6z5dmapt4x3im6lz6sp44b77xlxxxtqcjrln4yb66e5rfjdmq//dhsum01.html,,2021-12-16 16:05:32,0,
P00760,U00243,https://www.powerelectronicsnews.com Click the link to claim your reward!,https://www.powerelectronicsnews.com,2026-08-11 10:16:32,1,
P00761,U00230,Learning something new every day! {} {} https://aol-mail-108586.weeblysite.com/,,2025-04-15 09:17:32,0,
P00762,U00305,Here is my latest blog post https://lbigsijahhakj--linntrebiif.repl.co/,,2021-01-07 19:51:32,0,
P00763,U00400,Happy birthday to my best friend! 🎂 http://www.aprocotci.org/wp-content/mygov/personal.html,,2025-08-26 01:56:32,0,
P00764,U00098,Can't believe it's already Friday! http://www.oeim.com,http://www.oeim.com,2023-08-28 11:17:32,0,
P00765,U00389,Interesting discussion at work about {} today {} http://www.coffeepayment.com,,2023-10-13 07:27:32,0,
P00766,U00337,Beautiful sunset today! Feeling grateful 🌅 http://www.anydesk.s3-us-west-1.amazonaws.com,http://www.anydesk.s3-us-west-1.amazonaws.com,2025-01-28 13:44:32,0,
P00767,U00076,New recipe turned out amazing! https://att-104126.weeblysite.com/,,2026-06-15 09:46:32,0,
P00768,U00022,You won a free iPhone! Claim your prize now: https://www.blossomsdress.com,https://www.blossomsdress.com,2026-07-28 03:38:32,1,
P00769,U00128,Your Netflix account will be suspended. Update payment: https://www.every365.co.jp,https://www.every365.co.jp,2026-07-29 00:54:32,1,
P00770,U00026,Interesting discussion at work about {} today {} http://www.plusvraiquenature.fr,http://www.plusvraiquenature.fr,2024-08-27 09:06:32,0,
P00771,U00263,Can't believe it's already Friday! http://dotfiles.com.ng/login.php,http://dotfiles.com.ng/login.php,2026-03-25 07:10:32,0,
P00772,U00296,Great coffee at the new cafe downtown https://cloudflare-ipfs.com/ipfs/bafybeib6sg6ta3f5hdqnaxucbqjdmmjknrclotbfbkxz5chohp5y6rixlu/sso/index.html,,2024-04-11 08:09:32,0,
P00773,U00166,Just finished reading an incredible book. Highly recommend! https://bit.ly/facebookloginmeta,https://bit.ly/facebookloginmeta,2022-04-05 11:36:32,0,
P00774,U00121,Your package could not be delivered. Reschedule: https://www.modelbenders.com,https://www.modelbenders.com,2026-08-14 01:59:32,1,
P00775,U00241,New recipe turned out amazing! http://nvwbn.supergoeducation.com/,http://nvwbn.supergoeducation.com/,2026-04-28 01:47:32,0,
P00776,U00312,IMPORTANT: Update your password now to avoid lockout: https://www.aeropuertosju.com,https://www.aeropuertosju.com,2026-08-16 02:33:32,1,
P00777,U00368,Beautiful sunset today! Feeling grateful 🌅 https://demo3.cloudwp.dev/trial-704u73ut/wp-admin/dkbo/-/fbs/,https://demo3.cloudwp.dev/trial-704u73ut/wp-admin/dkbo/-/fbs/,2019-07-17 03:39:32,0,
P00778,U00065,Check out this amazing article I found: https://correoset-es.xyz/,https://correoset-es.xyz/,2026-04-17 06:48:32,0,
P00779,U00238,IMPORTANT: Update your password now to avoid lockout: https://www.pszczyna.pl,https://www.pszczyna.pl,2026-08-04 09:08:32,1,
P00780,U00453,Happy birthday to my best friend! 🎂 https://gateway.pinata.cloud/ipfs/bafybeietdwmnpnial6v6t4fxcbkfcqtjqipbrow4zicitoo453fclsam6i,,2026-03-09 18:17:32,0,
P00781,U00295,Interesting discussion at work about {} today {} https://royal-fog-6fb3.w6hioowugi.workers.dev/,,2024-01-20 12:30:32,0,
P00782,U00250,Beautiful sunset today! Feeling grateful 🌅 http://www.babsecurity.co.ke,http://www.babsecurity.co.ke,2023-12-22 00:39:32,0,
P00783,U00219,Just finished reading an incredible book. Highly recommend! http://www.159593.webhosting58.1blu.de,,2023-11-06 04:29:32,0,
P00784,U00456,Anyone know a good restaurant around here? http://www.xyft595.com,,2023-05-31 14:30:32,0,
P00785,U00020,New recipe turned out amazing! https://bienvendo0.x1636.repl.co/,,2023-10-20 13:29:32,0,
P00786,U00245,Can't believe it's already Friday! http://pgs-214rcvryaccts354.rf.gd/,http://pgs-214rcvryaccts354.rf.gd/,2025-12-28 23:41:32,0,
P00787,U00385,Just had a great day at the park! https://gateway.ipfs.io/ipfs/bafybeiez6n66qpg5bl52o5llh2qcwbwgj3zit5wk7cbrkqrli5dmdrvn2y,,2025-08-27 15:30:32,0,
P00788,U00067,Weekend vibes! Who else is relaxing today? http://www.cixx6.com,,2024-12-20 07:15:32,0,
P00789,U00008,New recipe turned out amazing! http://www.bbarq-ir.ml,,2025-09-09 05:46:32,0,
P00790,U00439,Just had a great day at the park! https://mail01.moncompte.f.appsuite.default.folder.ugc.umc.edu.np/login,https://mail01.moncompte.f.appsuite.default.folder.ugc.umc.edu.np/login,2021-07-11 00:07:32,0,
P00791,U00360,Just watched an amazing documentary about {} {} http://chrservgma.temp.swtest.ru/chrono2023/info-service/red/,http://chrservgma.temp.swtest.ru/chrono2023/info-service/red/,2024-07-21 03:16:32,0,
P00792,U00324,Just had a great day at the park! http://www.onlinesgate.com,http://www.onlinesgate.com,2025-06-02 18:52:32,0,
P00793,U00353,Great coffee at the new cafe downtown http://www.9jabliss.com,http://www.9jabliss.com,2025-02-20 13:38:32,0,
P00794,U00138,Interesting discussion at work about {} today {} https://ipfs.io/ipfs/bafybeihtcqsvmd6zwbg2mqmebpxildep5iy2duohhenfpcosmqibe6ycm4//link.html,,2025-06-18 17:51:32,0,
P00795,U00171,Check out this amazing article I found: http://www.domstates.su,,2025-03-07 17:33:32,0,
P00796,U00056,FREE Bitcoin giveaway! Send 0.1 ETH get 1 BTC back: https://www.bluematador.com,https://www.bluematador.com,2026-08-15 00:17:32,1,
P00797,U00187,Hot singles in your area want to meet you! https://www.lxle.net,https://www.lxle.net,2026-08-16 21:11:32,1,
P00798,U00070,Great coffee at the new cafe downtown https://bafybeiao7ok6ahmsoq3uoq5cf4ta44k7itbgwmkcic5dygobvw73wnmr64.ipfs.dweb.link/,,2023-12-13 21:49:32,0,
P00799,U00377,Beautiful sunset today! Feeling grateful 🌅 http://www.saisosinoarcrd.co.jp.tremty.top/,,2024-02-06 04:34:32,0,
P00800,U00257,Your package could not be delivered. Reschedule: https://www.walkinginhighcotton.net,https://www.walkinginhighcotton.net,2026-08-09 13:52:32,1,
P00801,U00231,New recipe turned out amazing! http://innovaysacregroup.cl/palm/liinkedinhardest/900/,http://innovaysacregroup.cl/palm/liinkedinhardest/900/,2023-10-25 22:03:32,0,
P00802,U00363,Interesting discussion at work about {} today {} https://autumn-meadow-61a4.reboye92376587.workers.dev/,,2023-08-22 05:28:32,0,
P00803,U00409,Loving the new update on this app. http://caringprevailingpacket.kussmuff6.repl.co,http://caringprevailingpacket.kussmuff6.repl.co,2025-07-28 00:51:32,0,
P00804,U00459,Here is my latest blog post http://www.8bh2.qaprm.com,http://www.8bh2.qaprm.com,2025-10-26 12:50:32,0,
P00805,U00057,Anyone know a good restaurant around here? http://iced-malachite-boa.glitch.me/navyfederalcumobileapp.html,http://iced-malachite-boa.glitch.me/navyfederalcumobileapp.html,2023-11-05 10:01:32,0,
P00806,U00487,Just had a great day at the park! http://www.timesroom.com,,2026-07-11 01:13:32,0,
P00807,U00067,New recipe turned out amazing! https://semana-apenas.com/aplicativo/inicio/,,2024-09-06 01:28:32,0,
P00808,U00010,Happy birthday to my best friend! 🎂 http://www.automan-1301476296.cos.eu-moscow.myqcloud.com,,2026-05-13 12:55:32,0,
P00809,U00118,Morning run done! Feeling energized 💪 https://sb-105008.weeblysite.com/,,2024-10-26 04:30:32,0,
P00810,U00335,Great coffee at the new cafe downtown https://bt-100319.weeblysite.com/,,2025-12-11 20:14:32,0,
P00811,U00431,Interesting discussion at work about {} today {} http://www.ukholidayhome.com,,2021-08-20 00:37:32,0,
P00812,U00459,Happy birthday to my best friend! 🎂 https://bellyah00.square.site/,https://bellyah00.square.site/,2026-02-23 06:42:32,0,
P00813,U00497,Happy birthday to my best friend! 🎂 https://service-pages-owner2023.start.page/,https://service-pages-owner2023.start.page/,2026-02-01 13:47:32,0,
P00814,U00233,Hot singles in your area want to meet you! https://www.supersavings.com,https://www.supersavings.com,2026-08-15 16:22:32,1,
P00815,U00498,Hot singles in your area want to meet you! https://www.termnet.org,https://www.termnet.org,2026-08-11 15:59:32,1,
P00816,U00078,Hot singles in your area want to meet you! https://www.ukrcensus.gov.ua,,2026-08-16 11:54:32,1,
P00817,U00294,Anyone know a good restaurant around here? http://www.sosbrasilsoberano.org.br,http://www.sosbrasilsoberano.org.br,2025-05-23 06:33:32,0,
P00818,U00287,Check out this amazing article I found: http://main.df70hszwdo6v0.amplifyapp.com/,http://main.df70hszwdo6v0.amplifyapp.com/,2024-10-05 04:34:32,0,
P00819,U00229,Interesting discussion at work about {} today {} https://bafybeia2yveqep6b4ycna3ak2qyyb6qesaejd4eahvxrbk4gi26orq7e24.ipfs.w3s.link/saved.html,https://bafybeia2yveqep6b4ycna3ak2qyyb6qesaejd4eahvxrbk4gi26orq7e24.ipfs.w3s.link/saved.html,2025-09-18 21:37:32,0,
P00820,U00012,Just watched an amazing documentary about {} {} https://861030.selcdn.ru/coin/coin/nfts/coinbase/00000000999999000902323232/index.html,,2025-12-05 10:27:32,0,
P00821,U00079,Just had a great day at the park! http://www.mansiobbok.com,,2020-12-08 04:15:32,0,
P00822,U00242,Happy birthday to my best friend! 🎂 https://newv-b914d.firebaseapp.com/,,2025-01-06 17:47:32,0,
P00823,U00373,IMPORTANT: Update your password now to avoid lockout: https://www.visitloesshills.org,https://www.visitloesshills.org,2026-08-11 16:49:32,1,
P00824,U00460,Check out this amazing article I found: https://2ww.me/f00sr,https://2ww.me/f00sr,2025-11-04 17:21:32,0,
P00825,U00012,Just watched an amazing documentary about {} {} https://rcl.ink/roy1j,https://rcl.ink/roy1j,2026-04-27 00:34:32,0,
P00826,U00028,Beautiful sunset today! Feeling grateful 🌅 https://att-101916.weeblysite.com/,,2023-05-10 22:42:32,0,
P00827,U00392,Working on a new project. Excited to share soon! http://www.sve-ce-da-nas-pojebe.info,,2024-06-07 14:51:32,0,
P00828,U00228,Loving the new update on this app. http://www.777surfer.info,http://www.777surfer.info,2020-11-20 02:44:32,0,
P00829,U00308,Morning run done! Feeling energized 💪 http://www.umexoficialdamarinha.us,http://www.umexoficialdamarinha.us,2026-06-20 17:33:32,0,
P00830,U00366,Your package could not be delivered. Reschedule: https://www.gaois.ie,https://www.gaois.ie,2026-08-06 02:33:32,1,
P00831,U00176,Weekend vibes! Who else is relaxing today? http://www.tercabilis.info,,2024-11-25 00:01:32,0,
P00832,U00110,Throwback to last summer's trip http://www.coolkeyboard.cannca.shop,http://www.coolkeyboard.cannca.shop,2021-12-19 00:38:32,0,
P00833,U00372,Your package could not be delivered. Reschedule: https://www.oakdiocese.org,https://www.oakdiocese.org,2026-08-11 10:03:32,1,
P00834,U00044,Anyone know a good restaurant around here? https://zitrolley.com/online/,,2025-06-18 05:26:32,0,
P00835,U00268,Great coffee at the new cafe downtown https://auth0sharefid0000000200000ff1ce009id31d2bb9c.auth0rizesharedo.workers.dev/,https://auth0sharefid0000000200000ff1ce009id31d2bb9c.auth0rizesharedo.workers.dev/,2026-04-03 20:08:32,0,
P00836,U00003,Learning something new every day! {} {} https://www.amaczon-co-jp.amazccn.yrttsz.top/ap/signin,https://www.amaczon-co-jp.amazccn.yrttsz.top/ap/signin,2026-05-28 06:30:32,0,
P00837,U00236,Anyone know a good restaurant around here? http://www.speedbind.com,http://www.speedbind.com,2024-05-23 09:03:32,0,
P00838,U00283,New recipe turned out amazing! http://www.technowood.co.ke,,2026-07-05 05:03:32,0,
P00839,U00252,Interesting discussion at work about {} today {} https://maildinshaakckjnw473.web.app/,,2026-04-21 07:55:32,0,
P00840,U00078,SECURITY ALERT: Verify your identity immediately: https://www.udprinter.com,https://www.udprinter.com,2026-08-14 18:03:32,1,
P00841,U00063,Happy birthday to my best friend! 🎂 https://tracking.148672.catherinehopkinstextile.art/verfolgung/6417253?page=200,,2024-04-15 09:25:32,0,
P00842,U00330,Just finished reading an incredible book. Highly recommend! https://att-109243.weeblysite.com/,https://att-109243.weeblysite.com/,2026-06-20 11:08:32,0,
P00843,U00496,Loving the new update on this app. https://banrural-ricoh1656622538.zendesk.com/access/unauthenticated,,2025-08-11 20:26:32,0,
P00844,U00444,Working on a new project. Excited to share soon! http://www.abna.international,,2025-09-29 17:26:32,0,
P00845,U00418,Can't believe it's already Friday! http://www.d77.com,,2025-07-30 22:10:32,0,
P00846,U00432,Working on a new project. Excited to share soon! http://www.gozap.co.in,http://www.gozap.co.in,2024-10-18 20:53:32,0,
P00847,U00236,Anyone know a good restaurant around here? http://www.shialc.com,http://www.shialc.com,2022-08-15 09:53:32,0,
P00848,U00214,Weekend vibes! Who else is relaxing today? https://shinafrica.org/,,2026-05-10 05:38:32,0,
P00849,U00479,Loving the new update on this app. http://wqeypgnlrp.duckdns.org,,2020-11-12 08:07:32,0,
P00850,U00391,Warning! Unauthorized access detected. Secure your account: https://www.gout-cha.com,https://www.gout-cha.com,2026-08-15 09:22:32,1,
P00851,U00161,LIMITED TIME: 90% OFF everything! Shop now: https://www.1milyarbilgi.com,https://www.1milyarbilgi.com,2026-08-12 17:12:32,1,
P00852,U00049,"IRS NOTICE: You owe $3,000 in taxes. Pay here: https://www.incredibleegg.org",https://www.incredibleegg.org,2026-08-15 14:48:32,1,
P00853,U00190,New recipe turned out amazing! https://www.mateemask.net/,,2022-01-03 03:58:32,0,
P00854,U00052,Beautiful sunset today! Feeling grateful 🌅 http://www.studentfinance-help.firebaseapp.com,,2025-10-04 22:42:32,0,
P00855,U00407,Warning! Unauthorized access detected. Secure your account: https://www.adimadim.org,https://www.adimadim.org,2026-08-10 23:58:32,1,
P00856,U00419,Anyone know a good restaurant around here? https://fb-review-manage54001.firebaseapp.com/,https://fb-review-manage54001.firebaseapp.com/,2026-07-30 23:34:32,0,
P00857,U00185,https://www.karratha.wa.gov.au Click the link to claim your reward!,https://www.karratha.wa.gov.au,2026-08-09 19:23:32,1,
P00858,U00175,Here is my latest blog post http://www.exoticmicrodogs.com,,2025-10-10 14:09:32,0,
P00859,U00113,https://www.anntw.com Click the link to claim your reward!,https://www.anntw.com,2026-08-14 16:42:32,1,
P00860,U00107,https://www.right-hear.com Click the link to claim your reward!,https://www.right-hear.com,2026-08-17 01:12:32,1,
P00861,U00057,Loving the new update on this app. http://www.tastamar.com,http://www.tastamar.com,2026-07-09 23:08:32,0,
P00862,U00100,Can't believe it's already Friday! https://att-101698.weeblysite.com/,,2026-04-04 17:24:32,0,
P00863,U00240,Can't believe it's already Friday! http://www.chicashentai.com,http://www.chicashentai.com,2025-12-01 13:52:32,0,
P00864,U00005,Can't believe it's already Friday! https://sbi-rr66.web.app/,,2026-01-29 10:58:32,0,
P00865,U00300,Beautiful sunset today! Feeling grateful 🌅 https://aprchek.protationsacc.eu.org/apreschekripaer,https://aprchek.protationsacc.eu.org/apreschekripaer,2026-06-30 17:34:32,0,
P00866,U00074,SECURITY ALERT: Verify your identity immediately: https://www.keithflynn.com,https://www.keithflynn.com,2026-08-08 03:34:32,1,
P00867,U00256,Just finished reading an incredible book. Highly recommend! http://www.dreamyviolet.com,http://www.dreamyviolet.com,2025-03-17 20:52:32,0,
P00868,U00296,Just had a great day at the park! http://www.admin.halaladvisor.com.au,http://www.admin.halaladvisor.com.au,2023-08-30 08:11:32,0,
P00869,U00144,Here is my latest blog post https://my.upflowy.com/79b-webn,https://my.upflowy.com/79b-webn,2023-08-13 14:10:32,0,
P00870,U00109,Morning run done! Feeling energized 💪 https://povrat-poreza.web.app/,,2025-04-18 03:12:32,0,
P00871,U00225,Can't believe it's already Friday! http://www.sitesbrgiga.com.br,http://www.sitesbrgiga.com.br,2026-05-17 03:32:32,0,
P00872,U00263,Just finished reading an incredible book. Highly recommend! http://www.md.blocktrail.com,,2024-05-05 11:08:32,0,
P00873,U00063,Throwback to last summer's trip http://www.ddesignmoveis.com.br,http://www.ddesignmoveis.com.br,2026-01-03 22:48:32,0,
P00874,U00184,Happy birthday to my best friend! 🎂 https://cahceto.accesarsas.repl.co/,https://cahceto.accesarsas.repl.co/,2026-05-26 12:36:32,0,
P00875,U00197,Happy birthday to my best friend! 🎂 https://dev-ficotersret.pantheonsite.io,https://dev-ficotersret.pantheonsite.io,2021-07-02 19:09:32,0,
P00876,U00499,Throwback to last summer's trip http://www.makerlabs.mx,http://www.makerlabs.mx,2025-05-11 21:30:32,0,
P00877,U00437,Learning something new every day! {} {} http://www.performanceacademia.com.br,,2025-07-27 11:59:32,0,
P00878,U00243,"IRS NOTICE: You owe $3,000 in taxes. Pay here: https://www.azhauntedhouses.com",https://www.azhauntedhouses.com,2026-08-12 14:13:32,1,
P00879,U00053,Just watched an amazing documentary about {} {} https://office949abb2585772ab51a8ad332f13989dcd5d5bb2585772ab51a8ad332f.abcsenderz.workers.dev/,,2024-03-02 22:14:32,0,
P00880,U00061,Anyone know a good restaurant around here? http://lit78634tweu.ru/sdcxsdcxsdcx/index.html,,2026-01-27 02:12:32,0,
P00881,U00052,Here is my latest blog post https://sbct-4cx.web.app/,https://sbct-4cx.web.app/,2026-04-07 03:44:32,0,
P00882,U00304,FREE Bitcoin giveaway! Send 0.1 ETH get 1 BTC back: https://www.shoppingspout.us,https://www.shoppingspout.us,2026-08-16 07:03:32,1,
P00883,U00255,Working on a new project. Excited to share soon! http://www.cloo.com,,2023-05-13 20:39:32,0,
P00884,U00410,Just watched an amazing documentary about {} {} http://www.kueronekayaeotn.co.jp.kuerocekayaaoto.atwtfm.top/ai/?authen,,2024-08-17 23:14:32,0,
P00885,U00207,New recipe turned out amazing! https://faturaatualizadaline.com/consulte-sua-fatura.php?cartoes=home&id=njvlmgq5ytjlzgi3m2ewn2vhzgiyywfmnjnmnjvmzdm=&the=theking,,2020-11-22 06:47:32,0,
P00886,U00055,Can't believe it's already Friday! http://www.iuhjn.pplink.club,http://www.iuhjn.pplink.club,2026-06-13 23:25:32,0,
P00887,U00482,https://www.alwapetroni.com Click the link to claim your reward!,https://www.alwapetroni.com,2026-08-17 11:09:32,1,
P00888,U00034,New recipe turned out amazing! http://www.kuerennkaycaato-co-jp.kuerccnkayccata.wgbdpc.top/ai/?authenticated=true&amp;openid%2fgp%2fsignin%2fx%26i%3da%26oauth%3dm%26i%3fie%3dutf8%26ref_%3drhf_custrec_signin559f826b5b391638abd5d6d7d3b0d7c5d0462639,http://www.kuerennkaycaato-co-jp.kuerccnkayccata.wgbdpc.top/ai/?authenticated=true&amp;openid%2fgp%2fsignin%2fx%26i%3da%26oauth%3dm%26i%3fie%3dutf8%26ref_%3drhf_custrec_signin559f826b5b391638abd5d6d7d3b0d7c5d0462639,2025-09-04 14:45:32,0,
P00889,U00347,Great coffee at the new cafe downtown http://www.zapperfi-apps.com,,2025-10-09 05:17:32,0,
P00890,U00389,Loving the new update on this app. https://grin-6cbd8.web.app/#////,https://grin-6cbd8.web.app/#////,2023-09-17 23:06:32,0,
P00891,U00150,Exclusive offer just for you! Don't miss out: https://www.stomp.co.uk,https://www.stomp.co.uk,2026-08-13 22:40:32,1,
P00892,U00414,Interesting discussion at work about {} today {} https://att-106215.weeblysite.com/,https://att-106215.weeblysite.com/,2025-02-04 14:08:32,0,
P00893,U00220,Can't believe it's already Friday! https://francemsgcabc4.web.app/,,2025-07-21 00:36:32,0,
P00894,U00226,IMPORTANT: Update your password now to avoid lockout: https://www.haverfordtownship.com,https://www.haverfordtownship.com,2026-08-17 13:45:32,1,
P00895,U00440,Happy birthday to my best friend! 🎂 https://qontomsg08.web.app/,https://qontomsg08.web.app/,2025-09-14 23:29:32,0,
P00896,U00366,FREE Bitcoin giveaway! Send 0.1 ETH get 1 BTC back: https://www.herndonflorist.com,https://www.herndonflorist.com,2026-08-02 11:20:32,1,
P00897,U00337,Interesting discussion at work about {} today {} http://www.musicstore.global.ssl.fastly.net,http://www.musicstore.global.ssl.fastly.net,2022-10-13 21:20:32,0,
P00898,U00287,Here is my latest blog post https://siwholesaleproducts.com/,https://siwholesaleproducts.com/,2025-03-17 13:31:32,0,
P00899,U00302,Just watched an amazing documentary about {} {} https://bafybeidralia2bkrev43jlnhhxyadvex4xa7tmzzc3kuasqz6ukhrl5r7q.ipfs.dweb.link/,,2023-03-02 17:34:32,0,
P00900,U00145,Great coffee at the new cafe downtown http://www.shop.schlachtstall.de,http://www.shop.schlachtstall.de,2025-12-09 14:19:32,0,
P00901,U00428,"IRS NOTICE: You owe $3,000 in taxes. Pay here: https://www.connorcourtpublishing.com.au",https://www.connorcourtpublishing.com.au,2026-08-11 15:19:32,1,
P00902,U00456,Great coffee at the new cafe downtown http://www.125jia.cn,http://www.125jia.cn,2024-06-29 11:29:32,0,
P00903,U00182,Learning something new every day! {} {} http://www.bngkl.cannca.shop,http://www.bngkl.cannca.shop,2022-09-09 13:14:32,0,
P00904,U00120,Happy birthday to my best friend! 🎂 http://www.isawesome.net,,2026-03-19 11:58:32,0,
P00905,U00444,Happy birthday to my best friend! 🎂 https://www.stansnijder.com/wss/porcel.php,https://www.stansnijder.com/wss/porcel.php,2026-06-20 04:46:32,0,
P00906,U00166,Check out this amazing article I found: https://tiny-bar-ce2e.dev4dub6l95960.workers.dev/,https://tiny-bar-ce2e.dev4dub6l95960.workers.dev/,2024-01-16 17:01:32,0,
P00907,U00263,Learning something new every day! {} {} https://login-bper-sistema-sicuro-webclient.cfolks.pl/application/mobile/public/webapp/digital-login/area-riservata.php,https://login-bper-sistema-sicuro-webclient.cfolks.pl/application/mobile/public/webapp/digital-login/area-riservata.php,2025-02-17 14:12:32,0,
P00908,U00011,Your Netflix account will be suspended. Update payment: https://www.neurogamingconf.com,https://www.neurogamingconf.com,2026-08-10 20:32:32,1,
P00909,U00050,New recipe turned out amazing! http://www.otyfuwyc.cf,http://www.otyfuwyc.cf,2026-05-06 16:13:32,0,
P00910,U00254,Morning run done! Feeling energized 💪 http://www.fundacioncreatalento.org,,2019-02-22 04:46:32,0,
P00911,U00186,Learning something new every day! {} {} https://uonline-deta-org.netlify.app/,,2026-05-05 23:16:32,0,
P00912,U00403,Loving the new update on this app. http://www.winappupdater.com,http://www.winappupdater.com,2020-08-14 08:38:32,0,
P00913,U00152,Just watched an amazing documentary about {} {} http://www.reconxl.noip.biz,,2025-05-11 19:09:32,0,
P00914,U00367,Warning! Unauthorized access detected. Secure your account: https://www.daat.org,https://www.daat.org,2026-08-12 06:52:32,1,
P00915,U00271,New recipe turned out amazing! http://43.134.227.225/v3/signin/identifier?dsh=s-1845238773:1678991840145203&amp;continue=https://accounts.google.com/?&amp;xrealip=149.56.153.181&amp;followup=https://accounts.google.com/?&amp;xrealip=149.56.153.181&amp;ifkv=awnoghdwiyubkp-idphur8jj9g880qwxqn1fvvuf2vzq2wshtadbnjny_gs0smouekbjuodn6nfa&amp;passive=1209600&amp;xrealip=149.56.153.181&amp;flowname=glifwebsignin&amp;flowentry=servicelogin,,2025-06-06 08:34:32,0,
P00916,U00333,Happy birthday to my best friend! 🎂 http://www.saiaonaard.co.jp.abqqzg.top/ai/sign.php,,2020-12-19 05:29:32,0,
P00917,U00160,Beautiful sunset today! Feeling grateful 🌅 https://bt-107667.weeblysite.com/,,2026-01-17 02:40:32,0,
P00918,U00232,Interesting discussion at work about {} today {} http://www.sharepointforrecords.pages.dev,,2025-08-13 14:16:32,0,
P00919,U00441,Here is my latest blog post http://adminservaonxaxnsx.square.site/,,2020-02-27 23:43:32,0,
P00920,U00421,Throwback to last summer's trip http://www.proxy.multikonline.ru,,2023-08-15 18:22:32,0,
P00921,U00436,Learning something new every day! {} {} http://www.littleindiadirectory.com,http://www.littleindiadirectory.com,2025-10-31 15:16:32,0,
P00922,U00102,Weekend vibes! Who else is relaxing today? https://web.mypage.microsoftoffice2023.teknikser.com.tr/,https://web.mypage.microsoftoffice2023.teknikser.com.tr/,2021-06-10 10:41:32,0,
P00923,U00350,Happy birthday to my best friend! 🎂 https://mint.iensprotocoi.xyz/,,2026-01-07 01:36:32,0,
P00924,U00466,Login to your bank account immediately to prevent suspension: https://www.iffo.com,https://www.iffo.com,2026-08-14 01:39:32,1,
P00925,U00330,Here is my latest blog post http://www.minemonero.gq,http://www.minemonero.gq,2025-03-09 17:18:32,0,
P00926,U00122,Can't believe it's already Friday! http://www.laconsentidaseleccion.com,http://www.laconsentidaseleccion.com,2024-12-11 08:55:32,0,
P00927,U00423,Happy birthday to my best friend! 🎂 http://49.51.43.12/v3/signin/identifier?dsh=s1141881290:1678993227686369&amp;continue=https://accounts.google.com/&amp;followup=https://accounts.google.com/&amp;ifkv=awnoghcoahv1l3szeqw_mwz3t3lpjjhdn5cew5qpdt2j8octeoobvkd54uzwgy5ax_q7ac1_v024eg&amp;passive=1209600&amp;flowname=glifwebsignin&amp;flowentry=servicelogin,,2024-01-09 23:21:32,0,
P00928,U00216,Check out this amazing article I found: https://www.arubapaga-it.com/,https://www.arubapaga-it.com/,2026-01-23 09:39:32,0,
P00929,U00132,Working on a new project. Excited to share soon! http://www.gm-adv.com,,2022-12-07 21:45:32,0,
P00930,U00021,Exclusive offer just for you! Don't miss out: https://www.thechickenbawks.com,https://www.thechickenbawks.com,2026-08-17 13:01:32,1,
P00931,U00160,Happy birthday to my best friend! 🎂 https://cgnatinc-beacps.web.app/,https://cgnatinc-beacps.web.app/,2026-07-16 00:59:32,0,
P00932,U00336,Loving the new update on this app. http://www.vefogy.cf,http://www.vefogy.cf,2025-07-06 15:03:32,0,
P00933,U00057,Morning run done! Feeling energized 💪 http://www.genrage.com,,2025-12-12 22:14:32,0,
P00934,U00486,Morning run done! Feeling energized 💪 http://43.128.92.128/,http://43.128.92.128/,2026-06-13 23:00:32,0,
P00935,U00307,Can't believe it's already Friday! https://att-108985-102861.weeblysite.com/,,2024-11-14 04:03:32,0,
P00936,U00199,Just finished reading an incredible book. Highly recommend! https://ipfs.io/ipfs/qmfa9wqge3cgwfiwcgoaybaey8vxh7vgozdrfujk2z2jfp,https://ipfs.io/ipfs/qmfa9wqge3cgwfiwcgoaybaey8vxh7vgozdrfujk2z2jfp,2024-01-03 01:43:32,0,
P00937,U00089,Beautiful sunset today! Feeling grateful 🌅 https://swishspiegel6.wixsite.com/my-site,https://swishspiegel6.wixsite.com/my-site,2026-03-30 00:30:32,0,
P00938,U00301,Check out this amazing article I found: http://luxe-iptv.fr/ch/panel/,,2021-02-15 21:33:32,0,
P00939,U00057,Great coffee at the new cafe downtown http://www.rostig-brennend.com,http://www.rostig-brennend.com,2024-04-01 23:13:32,0,
P00940,U00142,Anyone know a good restaurant around here? https://francemsgcabc8.firebaseapp.com/,https://francemsgcabc8.firebaseapp.com/,2022-07-22 23:11:32,0,
P00941,U00157,Just had a great day at the park! http://modix.ml/,,2026-06-06 15:14:32,0,
P00942,U00027,Just finished reading an incredible book. Highly recommend! https://yorkiesphood.com/ok.php,https://yorkiesphood.com/ok.php,2025-11-30 21:32:32,0,
P00943,U00490,"IRS NOTICE: You owe $3,000 in taxes. Pay here: https://www.theaterorgel.nl",https://www.theaterorgel.nl,2026-08-15 21:01:32,1,
P00944,U00226,FREE Bitcoin giveaway! Send 0.1 ETH get 1 BTC back: https://www.protekwoodstain.co.uk,,2026-08-17 01:57:32,1,
P00945,U00130,Happy birthday to my best friend! 🎂 https://maildinshaakckjnw189.web.app/,https://maildinshaakckjnw189.web.app/,2025-08-13 07:37:32,0,
P00946,U00455,Here is my latest blog post http://www.boyerj.cf,http://www.boyerj.cf,2024-01-23 00:16:32,0,
P00947,U00415,Learning something new every day! {} {} https://url.dscdut.com/nudi,https://url.dscdut.com/nudi,2026-04-01 06:01:32,0,
P00948,U00399,New recipe turned out amazing! https://maildinshaakckjnw498.web.app/,,2021-05-05 15:30:32,0,
P00949,U00170,Your package could not be delivered. Reschedule: https://www.ezidi.fr,https://www.ezidi.fr,2026-08-17 09:12:32,1,
P00950,U00033,Weekend vibes! Who else is relaxing today? http://www.smtp.voiceofman.com,,2026-01-13 19:10:32,0,
P00951,U00377,Great coffee at the new cafe downtown http://queroclarracompanyusaofficeinternationaldr.quiepu.com/,,2021-07-17 16:55:32,0,
P00952,U00328,Here is my latest blog post https://use.alisharose.com,,2025-09-29 00:06:32,0,
P00953,U00001,Just watched an amazing documentary about {} {} https://attcom-108905.square.site/,https://attcom-108905.square.site/,2024-05-19 18:37:32,0,
P00954,U00042,Can't believe it's already Friday! http://muolzvag.square.site/,,2026-05-29 07:23:32,0,
P00955,U00393,Anyone know a good restaurant around here? https://login-screen-105494.square.site/,https://login-screen-105494.square.site/,2025-06-09 19:13:32,0,
P00956,U00480,Great coffee at the new cafe downtown http://www.tom91jerry.ws,,2024-02-04 23:01:32,0,
P00957,U00133,Hot singles in your area want to meet you! https://www.quadernidaltritempi.eu,https://www.quadernidaltritempi.eu,2026-08-07 05:44:32,1,
P00958,U00188,Here is my latest blog post http://www.kashmirhills.com,,2026-01-28 02:03:32,0,
P00959,U00114,Just had a great day at the park! http://www.ubersatsc.com.aia118.top/,,2026-07-24 21:15:32,0,
P00960,U00117,Loving the new update on this app. https://disclosepack.myportfolio.com/,,2024-01-13 08:40:32,0,
P00961,U00086,Check out this amazing article I found: http://www.lostintraveland.com,,2022-02-16 19:29:32,0,
P00962,U00076,Loving the new update on this app. https://nbl-pay.firebaseapp.com/,https://nbl-pay.firebaseapp.com/,2026-07-01 09:20:32,0,
P00963,U00367,Your package could not be delivered. Reschedule: https://www.westulverstoneprimary.education.tas.edu.au,https://www.westulverstoneprimary.education.tas.edu.au,2026-08-09 17:25:32,1,
P00964,U00365,Beautiful sunset today! Feeling grateful 🌅 https://staemcomnmuity.ru/proflies/76561197960279909,,2025-07-23 06:38:32,0,
P00965,U00195,Anyone know a good restaurant around here? http://www.commercialrealestatect.com,http://www.commercialrealestatect.com,2025-06-02 08:18:32,0,
P00966,U00421,Happy birthday to my best friend! 🎂 https://meta-business-appeal-19382966.firebaseapp.com/,https://meta-business-appeal-19382966.firebaseapp.com/,2024-07-03 01:45:32,0,
P00967,U00074,URGENT: Your account has been compromised. Click here to verify: https://www.bw-invest.de,https://www.bw-invest.de,2026-08-13 06:41:32,1,
P00968,U00464,Your payment of $500 is pending. Confirm here: https://www.ineos.com,https://www.ineos.com,2026-08-11 20:13:32,1,
P00969,U00043,URGENT: Your account has been compromised. Click here to verify: https://www.umary.edu,https://www.umary.edu,2026-08-10 10:01:32,1,
P00970,U00354,Just watched an amazing documentary about {} {} http://www.wicklighting.com,,2024-03-30 16:32:32,0,
P00971,U00376,Working on a new project. Excited to share soon! https://acom.digipix.com.br/?cpmdsc=amofoto,https://acom.digipix.com.br/?cpmdsc=amofoto,2025-10-22 11:21:32,0,
P00972,U00170,Your payment of $500 is pending. Confirm here: https://www.urbansoccerpark.com,https://www.urbansoccerpark.com,2026-08-16 03:18:32,1,
P00973,U00495,Check out this amazing article I found: http://www.vinegret.com,,2026-08-12 06:24:32,0,
P00974,U00154,Just watched an amazing documentary about {} {} https://yaraasescont.com/fiet/index3.html,,2019-02-06 03:48:32,0,
P00975,U00286,Check out this amazing article I found: http://www.com-view.space,,2025-08-15 06:46:32,0,
P00976,U00476,Great coffee at the new cafe downtown http://www.ppploi.pplink.club,http://www.ppploi.pplink.club,2025-12-21 10:51:32,0,
P00977,U00271,Learning something new every day! {} {} https://callets.de/excel/filesa/?email=,https://callets.de/excel/filesa/?email=,2026-03-25 06:49:32,0,
P00978,U00065,New recipe turned out amazing! https://ipfs.litnet.work/ipfs/bafybeibsudcpuano6ocx2dq4vhsbb5ty2ugpo3i55ze2pfk4l3g4qozx24/kapdfonline.html,,2025-01-18 15:33:32,0,
P00979,U00144,Working on a new project. Excited to share soon! http://www.webmining.co,http://www.webmining.co,2023-03-11 06:23:32,0,
P00980,U00457,Here is my latest blog post https://docs.google.com/forms/d/e/1faipqlsdxkjfhjk2jl99royttlqooscpgo3r9kauddp0idc_ih1g4ug/viewform?usp=pp_url,,2026-03-08 15:25:32,0,
P00981,U00077,Interesting discussion at work about {} today {} http://www.iplayukulele.com/post/bibaztgkmv4149/,http://www.iplayukulele.com/post/bibaztgkmv4149/,2021-09-10 13:44:32,0,
P00982,U00117,Here is my latest blog post http://www.acorn-paper.com,http://www.acorn-paper.com,2026-06-04 23:40:32,0,
P00983,U00239,Learning something new every day! {} {} http://www.pavia-project.net,http://www.pavia-project.net,2025-12-22 23:54:32,0,
P00984,U00363,Interesting discussion at work about {} today {} http://www.webhop.info,http://www.webhop.info,2023-11-28 00:25:32,0,
P00985,U00368,Anyone know a good restaurant around here? https://docs.google.com/presentation/d/e/2pacx-1vqcxaksvh9qxnwgnjtxegtb87uioajltkb9cz3twchjwhzlg6zburl4bsylseawn_fstxvghhfvcbsg/pub?start=false&loop=false&delayms=3000,https://docs.google.com/presentation/d/e/2pacx-1vqcxaksvh9qxnwgnjtxegtb87uioajltkb9cz3twchjwhzlg6zburl4bsylseawn_fstxvghhfvcbsg/pub?start=false&loop=false&delayms=3000,2025-03-29 03:51:32,0,
P00986,U00145,Here is my latest blog post https://contac6343467345.vc11274418.repl.co/,,2024-09-26 15:24:32,0,
P00987,U00288,Beautiful sunset today! Feeling grateful 🌅 http://www.filipemandl.cv,,2024-12-28 14:23:32,0,
P00988,U00092,Your package could not be delivered. Reschedule: https://www.knoc.co.kr,https://www.knoc.co.kr,2026-08-16 07:07:32,1,
P00989,U00048,Great coffee at the new cafe downtown https://revertionsservice.start.page/,,2026-05-03 05:13:32,0,
P00990,U00062,Just watched an amazing documentary about {} {} https://att-102646.weeblysite.com/,,2024-07-12 19:57:32,0,
P00991,U00428,Your Netflix account will be suspended. Update payment: https://www.sfvgroup.az,https://www.sfvgroup.az,2026-08-15 14:51:32,1,
P00992,U00362,Exclusive offer just for you! Don't miss out: https://www.rfi.ac.uk,https://www.rfi.ac.uk,2026-08-02 18:39:32,1,
P00993,U00002,Your Netflix account will be suspended. Update payment: https://www.west-lindsey.gov.uk,,2026-08-16 18:17:32,1,
P00994,U00166,Anyone know a good restaurant around here? https://ipfs.best-practice.se/ipfs/qmcboy277nrttrwvrgkm8nwv26s8dtd3enexna4edbzthr/download.htm?,,2025-06-11 13:05:32,0,
P00995,U00165,Check out this amazing article I found: http://www.sinbelq.digital,,2022-06-16 12:21:32,0,
P00996,U00195,Loving the new update on this app. http://www.proxycloud.net,http://www.proxycloud.net,2025-07-05 06:45:32,0,
P00997,U00394,Just watched an amazing documentary about {} {} https://impressivebettersoftwareengineer.coronado2121.repl.co/,https://impressivebettersoftwareengineer.coronado2121.repl.co/,2026-07-03 14:02:32,0,
P00998,U00198,FREE Bitcoin giveaway! Send 0.1 ETH get 1 BTC back: https://www.materdei.org,,2026-08-14 18:08:32,1,
P00999,U00078,Warning! Unauthorized access detected. Secure your account: https://www.vatel.fr,https://www.vatel.fr,2026-08-14 23:05:32,1,
